11|34,37
31|5,38
17|5,39
5|15,40
14|10,41
22|31,42
9|15,43
13|5,44
36|20,45
9|10,46
9|16,47
1|31,48
27|11,49
12|11,50
36|11,51
17|11,52
20|16,53
22|5,54
33|16,55
35|16,56
22|23,57
31|15,58
17|32,59
17|24,60
35|15,61
8|5,62
33|10,63
17|16,64
31|10,65
30|11,66
13|11,67
9|5,68
9|11,69
17|15,70
1|10,71
7|10,72
33|15,73
11|38,74
22|10,75
20|32,76
13|37,77
45|15,78
22|15,79
22|38,80
31|11,81
20|10,82
12|5,83
48|10,84
20|15,85
32|50,86
13|24,87
35|11,88
13|15,89
33|11,90
33|32,91
20|5,92
31|52,93
35|32,94
33|5,95
9|32,96
12|16,97
15|22,98
1|23,99
20|11,100
17|10,101
10|49,102
30|32,103
9|24,104
13|16,105
1|15,106
18|16,107
9|40,108
45|32,109
20|24,110
14|15,111
27|56,112
30|40,113
15|44,114
42|15,115
31|16,116
35|10,117
42|16,118
10|77,119
82|72,120
35|5,121
22|32,122
15|62,123
8|11,124
22|16,125
33|24,126
36|16,127
31|24,128
48|16,129
12|40,130
22|24,131
22|52,132
13|32,133
35|24,134
45|11,135
18|5,136
13|10,137
39|15,138
1|16,139
10|80,140
30|15,141
13|23,142
39|18,143
15|18,144
22|29,145
33|29,146
9|29,147
16|71,148
7|15,149
48|15,150
11|30,151
27|16,152
7|24,153
35|6,154
27|35,155
30|10,156
22|35,157
8|29,158
20|37,159
42|11,160
43|10,161
25|32,162
16|84,163
13|29,164
93|85,165
30|29,166
23|38,167
27|55,168
42|24,169
36|15,170
31|32,171
16|49,172
25|15,173
53|18,174
25|16,175
20|29,176
16|158,177
22|11,178
11|31,179
37|66,180
33|37,181
15|41,182
38|15,183
13|40,184
7|16,185
45|16,186
30|56,187
63|38,188
30|5,189
12|37,190
14|63,191
22|88,192
30|16,193
42|10,194
27|5,195
70|91,196
13|69,197
18|24,198
18|10,199
72|43,200
112|49,201
15|105,202
27|40,203
10|73,204
59|129,205
14|24,206
64|44,207
157|40,208
22|56,209
9|37,210
36|10,211
54|165,212
33|40,213
51|59,214
30|24,215
20|23,216
10|38,217
1|24,218
33|23,219
43|15,220
14|16,221
27|15,222
155|2,223
60|122,224
37|200,225
22|12,226
137|46,227
80|15,228
31|23,229
17|92,230
16|136,231
18|15,232
25|10,233
10|41,234
30|53,235
43|32,236
35|29,237
42|53,238
20|40,239
17|53,240
2|38,241
86|41,242
10|79,243
116|50,244
35|23,245
10|168,246
31|37,247
39|71,248
7|23,249
67|15,250
48|37,251
36|37,252
33|159,253
27|53,254
74|205,255
27|37,256
60|18,257
15|54,258
15|63,259
12|24,260
157|37,261
18|32,262
17|29,263
22|40,264
27|76,265
12|29,266
101|61,267
7|81,268
7|35,269
208|139,270
113|80,271
42|52,272
166|188,273
11|68,274
75|49,275
9|23,276
36|32,277
67|10,278
1|5,279
97|50,280
65|103,281
25|24,282
15|11,283
1|37,284
48|23,285
10|44,286
36|24,287
59|91,288
22|130,289
53|73,290
90|30,291
12|81,292
187|49,293
17|23,294
67|61,295
98|16,296
11|128,297
8|16,298
174|37,299
27|24,300
43|83,301
18|40,302
107|50,303
48|24,304
93|10,305
47|100,306
55|80,307
30|111,308
33|92,309
2|84,310
15|133,311
192|101,312
50|44,313
35|37,314
22|94,315
18|47,316
16|9,317
15|115,318
109|95,319
118|70,320
46|77,321
88|59,322
127|130,323
17|37,324
22|68,325
15|6,326
17|76,327
31|92,328
108|15,329
51|54,330
145|38,331
36|5,332
67|41,333
15|65,334
7|322,335
15|10,336
22|51,337
78|63,338
42|29,339
132|10,340
22|59,341
88|111,342
87|96,343
35|40,344
31|29,345
60|75,346
30|37,347
17|56,348
12|92,349
155|23,350
10|65,351
14|23,352
51|90,353
37|77,354
1|29,355
75|103,356
151|76,357
204|68,358
10|22,359
199|13,360
42|70,361
15|61,362
73|65,363
192|52,364
51|101,365
25|5,366
104|10,367
39|118,368
42|32,369
365|94,370
132|15,371
36|29,372
69|10,373
330|56,374
124|44,375
214|55,376
108|96,377
47|44,378
37|149,379
13|110,380
201|56,381
22|97,382
71|95,383
16|20,384
15|142,385
93|15,386
108|23,387
14|55,388
48|29,389
76|99,390
299|133,391
16|89,392
25|20,393
39|22,394
49|337,395
12|110,396
124|219,397
65|134,398
60|79,399
43|62,400
47|172,401
81|49,402
90|44,403
113|58,404
7|37,405
146|38,406
32|41,407
89|88,408
43|44,409
27|216,410
153|81,411
33|53,412
27|96,413
44|69,414
19|16,415
126|43,416
35|2,417
15|164,418
36|23,419
13|92,420
7|5,421
27|29,422
8|64,423
63|57,424
113|64,425
46|49,426
22|37,427
73|38,428
109|55,429
27|10,430
204|69,431
38|168,432
162|125,433
66|152,434
132|102,435
31|110,436
11|149,437
113|39,438
22|20,439
25|23,440
102|41,441
46|87,442
109|191,443
10|15,444
124|84,445
51|97,446
141|10,447
60|43,448
64|54,449
16|38,450
22|69,451
8|94,452
98|97,453
93|32,454
187|41,455
23|15,456
33|167,457
127|72,458
36|121,459
67|32,460
15|137,461
50|104,462
90|160,463
31|85,464
225|173,465
384|8,466
8|53,467
22|50,468
67|102,469
14|5,470
104|32,471
91|56,472
359|44,473
255|39,474
43|173,475
36|56,476
261|139,477
15|146,478
326|63,479
61|50,480
96|80,481
15|69,482
36|134,483
186|60,484
13|96,485
8|37,486
31|76,487
150|15,488
202|38,489
135|79,490
17|94,491
9|30,492
11|43,493
336|82,494
79|15,495
150|114,496
33|76,497
91|65,498
59|159,499
154|141,500
295|31,501
117|38,502
16|447,503
132|23,504
45|5,505
147|2,506
111|52,507
126|104,508
126|46,509
156|18,510
36|88,511
30|61,512
1|38,513
42|324,514
151|53,515
17|122,516
46|156,517
17|110,518
8|40,519
283|16,520
10|13,521
33|70,522
65|156,523
138|15,524
11|27,525
47|71,526
27|100,527
150|123,528
415|85,529
60|57,530
136|64,531
10|106,532
254|95,533
14|146,534
39|226,535
51|12,536
269|17,537
43|50,538
11|175,539
10|33,540
124|171,541
16|27,542
100|73,543
11|118,544
135|100,545
81|77,546
54|288,547
125|44,548
8|24,549
11|320,550
98|190,551
218|95,552
196|39,553
132|2,554
36|296,555
223|84,556
66|2,557
74|252,558
22|36,559
22|47,560
47|85,561
51|477,562
78|339,563
466|494,564
108|123,565
42|37,566
285|23,567
25|37,568
89|92,569
166|63,570
25|29,571
49|81,572
392|9,573
15|68,574
23|302,575
291|100,576
12|100,577
31|82,578
259|41,579
64|71,580
12|53,581
16|198,582
107|214,583
197|49,584
105|85,585
16|130,586
93|102,587
43|6,588
97|137,589
224|62,590
8|85,591
133|160,592
10|169,593
47|54,594
43|87,595
31|100,596
17|167,597
31|159,598
14|95,599
23|41,600
84|15,601
10|87,602
66|195,603
151|16,604
15|15,605
316|137,606
132|114,607
73|32,608
83|81,609
18|11,610
199|89,611
333|38,612
10|55,613
59|83,614
43|292,615
79|62,616
208|106,617
51|256,618
93|216,619
46|38,620
37|141,621
37|87,622
46|44,623
15|43,624
2|129,625
83|43,626
46|41,627
54|127,628
103|148,629
100|64,630
144|193,631
561|175,632
78|23,633
152|61,634
615|41,635
215|10,636
113|99,637
11|282,638
228|15,639
178|41,640
52|10,641
70|73,642
90|77,643
111|58,644
55|58,645
262|88,646
33|62,647
51|342,648
113|22,649
115|2,650
186|39,651
54|93,652
118|172,653
45|24,654
170|56,655
143|240,656
30|41,657
25|110,658
308|15,659
154|30,660
63|104,661
101|63,662
136|88,663
201|237,664
53|22,665
327|142,666
66|111,667
7|29,668
78|188,669
37|31,670
79|67,671
279|95,672
154|73,673
67|2,674
42|64,675
22|76,676
90|99,677
37|198,678
156|303,679
22|294,680
179|100,681
39|106,682
41|47,683
424|65,684
10|480,685
132|123,686
101|75,687
36|125,688
32|71,689
19|15,690
90|64,691
103|177,692
22|92,693
61|233,694
116|15,695
462|185,696
18|43,697
254|55,698
171|88,699
211|328,700
124|229,701
372|58,702
39|139,703
89|53,704
166|406,705
197|203,706
379|65,707
144|259,708
176|162,709
76|62,710
84|44,711
11|141,712
59|176,713
51|95,714
39|43,715
420|31,716
151|56,717
361|10,718
51|184,719
452|189,720
10|84,721
11|58,722
135|58,723
230|41,724
540|69,725
14|29,726
70|219,727
46|47,728
25|92,729
66|49,730
318|147,731
11|103,732
15|73,733
145|73,734
396|115,735
186|101,736
143|24,737
201|245,738
433|110,739
60|22,740
15|58,741
93|123,742
547|398,743
50|53,744
15|91,745
78|383,746
106|62,747
117|352,748
59|630,749
542|430,750
224|44,751
51|67,752
46|15,753
12|76,754
30|154,755
88|43,756
348|213,757
10|23,758
70|38,759
69|44,760
211|185,761
14|126,762
97|107,763
525|104,764
197|232,765
112|148,766
108|114,767
53|90,768
253|203,769
51|315,770
78|521,771
33|355,772
413|64,773
81|44,774
63|41,775
47|249,776
43|571,777
66|256,778
109|425,779
98|214,780
160|23,781
54|12,782
81|168,783
22|110,784
85|15,785
618|141,786
507|38,787
270|39,788
2|251,789
186|18,790
78|46,791
15|89,792
27|117,793
98|459,794
22|597,795
7|167,796
75|15,797
186|139,798
47|32,799
291|76,800
145|95,801
131|63,802
37|572,803
634|117,804
10|194,805
66|94,806
79|233,807
153|115,808
225|313,809
22|121,810
43|38,811
431|49,812
91|58,813
39|798,814
12|20,815
529|122,816
591|160,817
341|38,818
95|64,819
60|10,820
67|422,821
439|33,822
78|146,823
306|95,824
353|215,825
33|100,826
124|388,827
18|29,828
93|2,829
244|191,830
418|38,831
11|47,832
210|354,833
189|53,834
564|15,835
353|193,836
49|73,837
63|22,838
100|95,839
39|122,840
209|64,841
164|200,842
309|221,843
51|103,844
70|69,845
60|131,846
120|38,847
294|107,848
15|227,849
147|38,850
31|64,851
48|123,852
7|83,853
395|126,854
463|15,855
75|87,856
103|54,857
59|115,858
162|61,859
405|63,860
96|15,861
119|41,862
81|87,863
43|89,864
51|316,865
39|284,866
59|239,867
75|156,868
166|73,869
36|94,870
88|44,871
151|216,872
30|35,873
112|177,874
265|218,875
131|380,876
9|2,877
52|55,878
127|63,879
165|38,880
199|87,881
372|128,882
676|91,883
20|2,884
419|128,885
196|58,886
10|36,887
69|262,888
43|130,889
59|194,890
197|152,891
479|15,892
283|79,893
78|38,894
105|88,895
61|32,896
37|41,897
312|125,898
98|376,899
60|198,900
67|94,901
58|15,902
75|77,903
135|209,904
108|62,905
20|167,906
69|79,907
608|52,908
43|114,909
15|86,910
122|219,911
526|49,912
13|41,913
226|92,914
201|117,915
656|58,916
357|65,917
37|13,918
145|66,919
39|190,920
202|65,921
124|73,922
371|89,923
252|228,924
98|37,925
253|152,926
17|134,927
43|72,928
11|39,929
51|203,930
112|54,931
53|189,932
212|58,933
408|115,934
27|32,935
143|55,936
31|53,937
53|181,938
803|64,939
47|16,940
35|105,941
33|60,942
12|10,943
176|266,944
84|38,945
78|512,946
36|40,947
12|56,948
59|153,949
570|65,950
225|83,951
59|110,952
178|44,953
22|147,954
655|38,955
360|61,956
18|104,957
51|522,958
631|70,959
135|376,960
54|380,961
632|10,962
143|412,963
90|104,964
111|90,965
12|43,966
42|100,967
171|62,968
208|99,969
16|240,970
735|32,971
12|70,972
37|118,973
253|195,974
23|58,975
15|188,976
105|65,977
15|191,978
410|146,979
16|51,980
252|115,981
78|101,982
154|215,983
54|133,984
202|44,985
133|369,986
25|439,987
558|115,988
196|248,989
54|230,990
165|58,991
719|1,992
162|62,993
67|23,994
39|490,995
54|696,996
82|266,997
563|170,998
359|87,999
59|38,1000
14|92,1001
816|15,1002
179|230,1003
129|172,1004
585|32,1005
107|46,1006
59|130,1007
690|88,1008
32|70,1009
22|277,1010
75|94,1011
39|136,1012
93|23,1013
308|10,1014
22|134,1015
445|106,1016
1008|178,1017
11|44,1018
164|206,1019
341|58,1020
511|95,1021
50|10,1022
22|70,1023
11|70,1024
893|19,1025
171|117,1026
18|56,1027
54|420,1028
61|38,1029
46|30,1030
78|531,1031
38|153,1032
226|29,1033
37|44,1034
161|44,1035
154|63,1036
47|796,1037
54|265,1038
54|467,1039
12|276,1040
11|60,1041
59|80,1042
78|451,1043
126|220,1044
15|87,1045
55|117,1046
448|63,1047
179|175,1048
101|134,1049
15|106,1050
42|92,1051
125|67,1052
12|67,1053
196|99,1054
67|123,1055
46|66,1056
51|627,1057
520|68,1058
50|94,1059
225|130,1060
16|636,1061
6|41,1062
71|161,1063
332|64,1064
361|32,1065
60|232,1066
233|44,1067
37|221,1068
151|24,1069
96|44,1070
156|122,1071
127|22,1072
11|69,1073
22|53,1074
153|169,1075
61|15,1076
43|97,1077
278|23,1078
392|104,1079
438|284,1080
81|557,1081
604|72,1082
171|87,1083
33|121,1084
39|75,1085
22|83,1086
315|95,1087
51|320,1088
47|95,1089
209|263,1090
46|146,1091
37|270,1092
1046|72,1093
107|109,1094
678|85,1095
312|75,1096
69|57,1097
340|23,1098
82|38,1099
2|41,1100
60|94,1101
105|58,1102
56|107,1103
60|226,1104
27|121,1105
13|56,1106
101|131,1107
202|106,1108
85|302,1109
61|175,1110
17|79,1111
17|117,1112
461|38,1113
154|66,1114
58|2,1115
82|30,1116
233|2,1117
166|146,1118
269|83,1119
707|154,1120
47|264,1121
72|178,1122
693|126,1123
111|38,1124
56|152,1125
111|263,1126
54|763,1127
91|88,1128
64|58,1129
17|121,1130
970|16,1131
221|148,1132
124|428,1133
964|775,1134
1032|2,1135
64|89,1136
164|149,1137
195|47,1138
22|61,1139
10|128,1140
82|83,1141
156|22,1142
289|23,1143
139|172,1144
53|66,1145
32|115,1146
53|193,1147
110|173,1148
583|73,1149
928|640,1150
124|87,1151
7|289,1152
37|1064,1153
27|6,1154
12|15,1155
22|67,1156
722|63,1157
52|213,1158
408|169,1159
65|117,1160
7|76,1161
13|134,1162
127|95,1163
51|89,1164
368|39,1165
15|184,1166
11|145,1167
63|68,1168
50|61,1169
51|105,1170
33|52,1171
91|16,1172
10|61,1173
41|147,1174
179|205,1175
70|363,1176
314|15,1177
306|73,1178
308|32,1179
176|97,1180
827|148,1181
164|221,1182
42|76,1183
348|169,1184
18|59,1185
151|174,1186
49|82,1187
112|58,1188
446|107,1189
39|79,1190
303|68,1191
165|65,1192
9|167,1193
1017|19,1194
43|153,1195
60|96,1196
76|39,1197
360|417,1198
78|58,1199
178|557,1200
578|211,1201
111|39,1202
784|126,1203
69|2,1204
52|117,1205
101|72,1206
35|44,1207
13|94,1208
84|161,1209
46|75,1210
61|41,1211
91|15,1212
445|38,1213
69|150,1214
132|119,1215
541|148,1216
91|70,1217
335|83,1218
185|54,1219
78|114,1220
37|617,1221
82|150,1222
37|249,1223
37|80,1224
35|167,1225
46|149,1226
32|158,1227
515|58,1228
37|184,1229
109|307,1230
501|263,1231
54|848,1232
37|288,1233
357|38,1234
11|113,1235
16|117,1236
190|36,1237
22|211,1238
98|50,1239
162|94,1240
224|83,1241
520|47,1242
270|248,1243
109|134,1244
351|92,1245
155|84,1246
980|160,1247
33|110,1248
93|119,1249
138|218,1250
16|55,1251
170|58,1252
50|49,1253
529|797,1254
782|159,1255
112|79,1256
860|125,1257
446|16,1258
37|106,1259
254|91,1260
11|72,1261
70|15,1262
93|114,1263
136|55,1264
2|496,1265
47|120,1266
98|70,1267
8|22,1268
55|39,1269
67|82,1270
64|106,1271
421|81,1272
79|344,1273
335|153,1274
79|2,1275
96|22,1276
50|87,1277
50|954,1278
136|56,1279
27|61,1280
154|126,1281
47|555,1282
36|117,1283
293|192,1284
51|487,1285
78|672,1286
23|18,1287
33|139,1288
47|279,1289
360|245,1290
112|99,1291
88|41,1292
78|552,1293
118|76,1294
22|190,1295
535|92,1296
249|55,1297
12|61,1298
7|92,1299
70|58,1300
98|130,1301
317|3,1302
59|97,1303
60|125,1304
113|248,1305
395|73,1306
497|52,1307
78|167,1308
589|104,1309
144|49,1310
67|245,1311
47|379,1312
10|34,1313
69|152,1314
51|55,1315
30|237,1316
81|61,1317
59|79,1318
266|181,1319
151|61,1320
69|304,1321
84|65,1322
517|75,1323
703|172,1324
43|58,1325
51|70,1326
27|92,1327
174|91,1328
382|172,1329
47|106,1330
105|20,1331
174|66,1332
16|35,1333
212|99,1334
27|502,1335
277|22,1336
79|237,1337
487|347,1338
340|15,1339
112|263,1340
73|58,1341
687|61,1342
52|61,1343
187|203,1344
289|15,1345
47|49,1346
17|75,1347
423|61,1348
76|58,1349
509|131,1350
628|75,1351
305|23,1352
164|826,1353
51|314,1354
11|176,1355
740|86,1356
58|32,1357
492|22,1358
943|125,1359
349|101,1360
633|58,1361
43|65,1362
47|89,1363
423|237,1364
126|301,1365
34|127,1366
511|55,1367
445|65,1368
100|363,1369
64|172,1370
2|150,1371
51|268,1372
838|506,1373
924|43,1374
59|44,1375
37|12,1376
455|329,1377
680|116,1378
197|2,1379
353|141,1380
380|31,1381
155|29,1382
15|66,1383
55|121,1384
11|66,1385
180|32,1386
410|213,1387
106|123,1388
64|139,1389
793|106,1390
81|41,1391
410|188,1392
512|136,1393
51|50,1394
59|104,1395
138|123,1396
652|110,1397
66|134,1398
71|44,1399
101|38,1400
794|43,1401
147|58,1402
42|23,1403
85|38,1404
31|167,1405
786|38,1406
1302|1366,1407
946|111,1408
60|145,1409
132|32,1410
133|118,1411
641|878,1412
545|83,1413
492|75,1414
93|906,1415
1094|58,1416
41|38,1417
670|230,1418
849|87,1419
72|161,1420
104|41,1421
83|101,1422
145|251,1423
536|756,1424
51|27,1425
743|514,1426
197|262,1427
14|90,1428
50|9,1429
563|287,1430
93|76,1431
59|87,1432
54|834,1433
626|206,1434
70|428,1435
476|97,1436
745|148,1437
77|41,1438
12|117,1439
138|23,1440
2|528,1441
43|68,1442
11|209,1443
135|55,1444
141|53,1445
176|190,1446
185|148,1447
837|47,1448
15|47,1449
537|83,1450
237|97,1451
176|152,1452
54|187,1453
38|1053,1454
283|317,1455
105|47,1456
13|121,1457
75|33,1458
37|90,1459
887|551,1460
134|105,1461
11|52,1462
326|55,1463
145|129,1464
18|23,1465
349|115,1466
876|128,1467
930|30,1468
272|85,1469
144|1138,1470
14|73,1471
19|362,1472
37|55,1473
115|15,1474
43|313,1475
34|85,1476
118|20,1477
184|116,1478
144|15,1479
15|16,1480
272|64,1481
306|55,1482
94|38,1483
212|38,1484
125|89,1485
117|68,1486
240|195,1487
463|574,1488
174|11,1489
14|181,1490
51|295,1491
55|92,1492
107|70,1493
15|383,1494
155|40,1495
47|138,1496
6|69,1497
107|89,1498
22|101,1499
11|64,1500
233|87,1501
96|10,1502
54|66,1503
13|34,1504
46|59,1505
60|275,1506
206|272,1507
26|317,1508
1236|1508,1509
39|123,1510
15|108,1511
606|161,1512
52|146,1513
651|55,1514
143|342,1515
88|2,1516
795|605,1517
64|53,1518
135|57,1519
178|66,1520
90|235,1521
67|85,1522
54|755,1523
393|12,1524
461|43,1525
78|286,1526
360|94,1527
15|96,1528
66|117,1529
174|15,1530
83|276,1531
51|121,1532
64|747,1533
60|32,1534
52|44,1535
468|10,1536
100|55,1537
49|176,1538
51|142,1539
257|23,1540
9|6,1541
16|70,1542
47|107,1543
50|77,1544
104|89,1545
335|97,1546
424|38,1547
178|81,1548
253|256,1549
109|825,1550
580|49,1551
517|131,1552
1235|185,1553
515|136,1554
310|44,1555
12|154,1556
65|94,1557
103|221,1558
1116|100,1559
78|95,1560
606|236,1561
575|83,1562
116|56,1563
39|68,1564
12|245,1565
162|65,1566
538|1438,1567
538|1211,1568
265|62,1569
904|70,1570
94|51,1571
126|59,1572
79|56,1573
309|111,1574
736|95,1575
715|63,1576
89|67,1577
76|38,1578
14|167,1579
89|159,1580
318|68,1581
78|71,1582
10|105,1583
1164|1177,1584
730|44,1585
527|189,1586
33|99,1587
15|498,1588
112|138,1589
49|239,1590
291|239,1591
51|100,1592
109|118,1593
176|130,1594
51|37,1595
94|116,1596
137|38,1597
67|119,1598
78|218,1599
51|118,1600
992|94,1601
109|126,1602
11|568,1603
55|599,1604
41|108,1605
381|148,1606
98|397,1607
149|38,1608
41|68,1609
18|89,1610
50|412,1611
340|87,1612
79|1516,1613
124|389,1614
265|279,1615
14|76,1616
46|68,1617
39|98,1618
436|277,1619
93|82,1620
39|125,1621
74|724,1622
16|62,1623
253|232,1624
82|44,1625
35|89,1626
265|519,1627
671|68,1628
12|63,1629
53|113,1630
144|834,1631
27|46,1632
224|89,1633
109|160,1634
782|239,1635
59|57,1636
10|302,1637
72|183,1638
577|70,1639
179|366,1640
305|2,1641
335|50,1642
1121|58,1643
73|99,1644
948|96,1645
43|175,1646
681|249,1647
3|10,1648
76|65,1649
132|66,1650
51|81,1651
171|44,1652
33|82,1653
297|175,1654
278|15,1655
1407|38,1656
381|58,1657
8|125,1658
305|15,1659
15|136,1660
7|97,1661
312|79,1662
49|76,1663
311|148,1664
73|70,1665
642|106,1666
151|94,1667
32|59,1668
64|279,1669
526|77,1670
855|38,1671
670|518,1672
311|58,1673
98|483,1674
103|62,1675
51|238,1676
11|50,1677
97|32,1678
301|1391,1679
165|106,1680
45|20,1681
47|127,1682
310|15,1683
91|121,1684
379|398,1685
90|39,1686
106|15,1687
260|43,1688
901|148,1689
621|58,1690
795|15,1691
113|121,1692
91|148,1693
39|81,1694
10|6,1695
1095|65,1696
74|230,1697
103|264,1698
137|1490,1699
67|68,1700
455|43,1701
14|37,1702
501|138,1703
98|83,1704
327|137,1705
78|342,1706
8|10,1707
54|68,1708
51|32,1709
69|64,1710
143|67,1711
184|15,1712
920|277,1713
39|170,1714
99|23,1715
14|219,1716
39|724,1717
47|99,1718
667|15,1719
52|624,1720
240|116,1721
12|85,1722
872|945,1723
50|480,1724
1294|1050,1725
96|65,1726
11|90,1727
141|194,1728
744|215,1729
248|95,1730
414|232,1731
771|502,1732
2|567,1733
346|15,1734
293|312,1735
74|1319,1736
83|63,1737
133|57,1738
15|913,1739
1104|76,1740
130|15,1741
1456|228,1742
558|129,1743
170|11,1744
30|76,1745
198|76,1746
43|123,1747
328|277,1748
209|138,1749
72|68,1750
43|7,1751
306|403,1752
881|2,1753
1314|105,1754
91|1461,1755
318|96,1756
255|99,1757
204|147,1758
51|228,1759
527|193,1760
89|76,1761
293|55,1762
419|58,1763
70|457,1764
817|178,1765
270|58,1766
482|49,1767
723|263,1768
1012|170,1769
1167|191,1770
73|39,1771
37|581,1772
67|44,1773
1425|82,1774
85|32,1775
434|38,1776
144|94,1777
54|229,1778
37|133,1779
67|114,1780
312|54,1781
133|116,1782
12|239,1783
82|12,1784
201|502,1785
297|282,1786
942|85,1787
133|43,1788
570|106,1789
145|84,1790
50|46,1791
66|245,1792
211|596,1793
83|67,1794
333|106,1795
54|1639,1796
46|808,1797
768|169,1798
142|65,1799
59|10,1800
105|94,1801
50|82,1802
16|65,1803
37|171,1804
9|86,1805
71|68,1806
15|859,1807
90|70,1808
215|53,1809
894|668,1810
113|62,1811
754|51,1812
143|1256,1813
1031|39,1814
15|38,1815
112|71,1816
55|363,1817
11|63,1818
517|54,1819
64|99,1820
41|94,1821
1001|31,1822
507|116,1823
752|304,1824
52|68,1825
32|58,1826
22|9,1827
90|87,1828
235|38,1829
33|298,1830
43|440,1831
170|38,1832
143|858,1833
3|11,1834
8|15,1835
261|203,1836
51|883,1837
997|38,1838
73|15,1839
69|39,1840
1028|58,1841
143|500,1842
223|38,1843
1041|440,1844
33|71,1845
15|13,1846
89|147,1847
251|77,1848
65|87,1849
32|44,1850
107|339,1851
516|62,1852
11|22,1853
141|99,1854
54|1445,1855
51|291,1856
145|181,1857
155|37,1858
96|87,1859
27|70,1860
36|98,1861
744|30,1862
75|44,1863
1332|624,1864
15|160,1865
131|288,1866
127|142,1867
103|99,1868
966|203,1869
483|128,1870
987|718,1871
11|366,1872
27|68,1873
59|213,1874
212|44,1875
211|937,1876
197|195,1877
268|41,1878
43|1878,1879
66|206,1880
70|108,1881
122|142,1882
357|116,1883
392|68,1884
311|65,1885
112|158,1886
78|32,1887
161|87,1888
10|67,1889
303|104,1890
162|88,1891
174|773,1892
536|88,1893
125|105,1894
535|76,1895
226|230,1896
47|747,1897
333|65,1898
394|50,1899
1025|5,1900
1563|9,1901
761|134,1902
91|128,1903
46|67,1904
1331|116,1905
414|2,1906
433|53,1907
174|59,1908
156|136,1909
196|62,1910
414|49,1911
238|147,1912
746|71,1913
961|128,1914
1276|44,1915
54|43,1916
124|457,1917
74|345,1918
583|126,1919
761|61,1920
790|1365,1921
47|218,1922
329|89,1923
112|62,1924
128|94,1925
50|69,1926
9|66,1927
555|69,1928
105|172,1929
210|77,1930
33|64,1931
10|2,1932
144|33,1933
49|99,1934
31|176,1935
109|339,1936
261|152,1937
131|133,1938
149|15,1939
876|58,1940
38|1794,1941
673|10,1942
750|121,1943
836|450,1944
306|181,1945
37|1010,1946
127|34,1947
100|44,1948
391|99,1949
181|124,1950
716|1510,1951
50|168,1952
112|125,1953
33|8,1954
732|129,1955
125|70,1956
30|23,1957
1624|15,1958
78|1278,1959
115|58,1960
128|13,1961
369|15,1962
127|55,1963
44|96,1964
361|15,1965
31|216,1966
51|261,1967
127|228,1968
39|337,1969
908|121,1970
644|10,1971
1237|69,1972
196|375,1973
793|65,1974
133|65,1975
1072|158,1976
82|235,1977
107|376,1978
806|697,1979
187|152,1980
51|206,1981
136|344,1982
85|58,1983
240|203,1984
27|87,1985
1170|107,1986
199|44,1987
70|116,1988
78|1113,1989
32|18,1990
129|148,1991
122|16,1992
770|126,1993
78|117,1994
82|50,1995
76|130,1996
111|697,1997
198|94,1998
1751|640,1999
81|23,2000
70|534,2001
368|43,2002
22|210,2003
107|298,2004
43|280,2005
982|115,2006
138|147,2007
32|87,2008
55|41,2009
79|32,2010
257|858,2011
18|37,2012
135|97,2013
209|59,2014
277|276,2015
309|352,2016
293|813,2017
132|286,2018
679|9,2019
50|134,2020
476|668,2021
9|47,2022
50|115,2023
221|177,2024
91|94,2025
143|522,2026
122|95,2027
42|167,2028
98|266,2029
96|172,2030
894|185,2031
67|1132,2032
58|38,2033
625|172,2034
11|65,2035
98|29,2036
154|113,2037
400|41,2038
448|58,2039
112|953,2040
462|175,2041
566|354,2042
32|100,2043
116|67,2044
651|146,2045
431|77,2046
963|181,2047
204|47,2048
101|115,2049
50|89,2050
39|46,2051
452|193,2052
35|241,2053
78|406,2054
144|1343,2055
452|113,2056
66|23,2057
201|154,2058
73|44,2059
349|80,2060
48|114,2061
51|122,2062
108|44,2063
22|162,2064
51|1125,2065
20|6,2066
149|47,2067
269|153,2068
100|191,2069
106|114,2070
39|135,2071
3|16,2072
122|67,2073
303|47,2074
317|81,2075
76|194,2076
38|105,2077
52|91,2078
69|256,2079
114|41,2080
642|44,2081
93|884,2082
27|43,2083
626|470,2084
1385|6,2085
1038|106,2086
79|94,2087
50|81,2088
364|44,2089
51|18,2090
81|15,2091
160|44,2092
36|58,2093
1195|640,2094
1036|44,2095
12|756,2096
947|116,2097
1255|106,2098
15|839,2099
269|97,2100
153|65,2101
64|105,2102
578|902,2103
84|236,2104
22|127,2105
209|17,2106
105|344,2107
499|456,2108
225|97,2109
559|75,2110
728|727,2111
2|488,2112
15|1240,2113
483|58,2114
138|71,2115
187|195,2116
453|177,2117
414|195,2118
228|114,2119
30|206,2120
267|97,2121
186|52,2122
238|108,2123
51|134,2124
622|1099,2125
174|497,2126
235|464,2127
135|169,2128
96|49,2129
317|1105,2130
73|491,2131
204|43,2132
87|69,2133
490|65,2134
251|354,2135
226|518,2136
47|91,2137
626|203,2138
340|2,2139
725|49,2140
37|105,2141
44|18,2142
1020|134,2143
60|46,2144
79|121,2145
179|76,2146
536|239,2147
49|110,2148
42|59,2149
383|71,2150
90|194,2151
64|148,2152
98|32,2153
117|236,2154
90|9,2155
22|17,2156
38|2036,2157
51|131,2158
164|33,2159
1336|104,2160
2155|775,2161
463|32,2162
43|105,2163
288|148,2164
27|104,2165
226|52,2166
49|44,2167
51|88,2168
544|491,2169
768|115,2170
15|1322,2171
990|106,2172
1443|30,2173
47|105,2174
43|2,2175
11|91,2176
349|60,2177
468|100,2178
52|2,2179
149|58,2180
405|90,2181
90|2,2182
22|170,2183
47|153,2184
7|98,2185
17|57,2186
37|967,2187
174|61,2188
212|121,2189
43|190,2190
78|118,2191
257|500,2192
1145|116,2193
1866|398,2194
1194|24,2195
51|96,2196
212|39,2197
312|264,2198
1458|87,2199
181|355,2200
969|38,2201
78|662,2202
293|1903,2203
479|1704,2204
11|96,2205
23|57,2206
54|1264,2207
81|480,2208
679|46,2209
43|136,2210
266|2,2211
55|62,2212
2166|262,2213
11|111,2214
584|44,2215
39|397,2216
147|99,2217
459|128,2218
72|31,2219
74|15,2220
25|76,2221
306|213,2222
65|13,2223
209|60,2224
299|44,2225
71|236,2226
336|20,2227
10|31,2228
10|17,2229
53|347,2230
295|65,2231
267|50,2232
235|937,2233
335|313,2234
94|81,2235
13|76,2236
83|70,2237
1434|475,2238
63|294,2239
49|41,2240
11|1514,2241
39|230,2242
53|141,2243
267|83,2244
118|110,2245
263|2,2246
166|498,2247
384|65,2248
76|451,2249
791|75,2250
303|96,2251
137|68,2252
78|397,2253
41|96,2254
164|470,2255
719|1139,2256
922|58,2257
198|85,2258
1708|89,2259
137|116,2260
11|162,2261
105|168,2262
17|71,2263
47|15,2264
11|17,2265
59|421,2266
143|660,2267
22|34,2268
516|83,2269
501|64,2270
64|13,2271
998|99,2272
1433|99,2273
97|170,2274
836|217,2275
15|677,2276
424|58,2277
67|79,2278
78|602,2279
1071|181,2280
346|77,2281
94|148,2282
109|1353,2283
1180|105,2284
1101|136,2285
374|68,2286
1284|820,2287
727|84,2288
10|941,2289
17|1530,2290
37|124,2291
185|355,2292
95|150,2293
91|344,2294
2005|41,2295
164|111,2296
59|146,2297
127|256,2298
389|38,2299
652|884,2300
197|1507,2301
1214|2,2302
660|23,2303
249|169,2304
294|84,2305
97|227,2306
98|859,2307
69|101,2308
70|47,2309
135|214,2310
54|235,2311
51|69,2312
327|150,2313
965|101,2314
52|95,2315
213|298,2316
249|95,2317
318|9,2318
133|62,2319
12|44,2320
111|128,2321
228|123,2322
47|118,2323
10|117,2324
59|128,2325
184|1139,2326
97|211,2327
27|52,2328
82|68,2329
79|44,2330
78|677,2331
1387|15,2332
111|138,2333
29|596,2334
617|38,2335
919|345,2336
144|1093,2337
238|298,2338
75|88,2339
212|65,2340
190|89,2341
484|33,2342
535|29,2343
446|111,2344
472|1160,2345
54|156,2346
226|110,2347
81|191,2348
500|65,2349
54|412,2350
961|58,2351
170|15,2352
46|952,2353
78|103,2354
130|23,2355
149|115,2356
1313|750,2357
37|54,2358
69|52,2359
164|130,2360
257|453,2361
101|95,2362
1611|38,2363
100|126,2364
822|233,2365
32|177,2366
156|68,2367
178|87,2368
96|194,2369
198|64,2370
394|541,2371
198|88,2372
1369|94,2373
1509|309,2374
64|218,2375
32|84,2376
238|115,2377
32|333,2378
202|87,2379
238|62,2380
66|1076,2381
264|68,2382
1378|172,2383
11|309,2384
1003|199,2385
745|44,2386
768|650,2387
23|99,2388
11|173,2389
101|117,2390
79|23,2391
72|44,2392
33|39,2393
2090|91,2394
414|203,2395
391|39,2396
295|58,2397
270|194,2398
1355|111,2399
85|10,2400
371|87,2401
191|161,2402
64|131,2403
123|41,2404
393|272,2405
224|87,2406
470|90,2407
13|53,2408
51|133,2409
240|58,2410
41|56,2411
1778|107,2412
103|79,2413
634|94,2414
318|104,2415
296|15,2416
173|15,2417
15|8,2418
52|6,2419
45|10,2420
2343|2,2421
500|38,2422
362|32,2423
341|116,2424
101|1626,2425
743|272,2426
757|97,2427
305|87,2428
318|47,2429
111|957,2430
74|339,2431
154|636,2432
179|518,2433
60|118,2434
67|150,2435
1901|38,2436
55|34,2437
164|97,2438
66|15,2439
32|146,2440
51|38,2441
907|38,2442
37|152,2443
736|416,2444
235|328,2445
51|267,2446
52|94,2447
36|61,2448
186|70,2449
147|436,2450
87|811,2451
1015|104,2452
648|99,2453
536|56,2454
111|70,2455
145|91,2456
39|531,2457
33|1151,2458
71|367,2459
466|336,2460
326|91,2461
75|23,2462
89|250,2463
804|15,2464
51|149,2465
1891|64,2466
42|39,2467
293|59,2468
67|417,2469
125|61,2470
804|2,2471
32|95,2472
84|10,2473
131|43,2474
184|1,2475
395|509,2476
395|55,2477
1738|175,2478
1348|65,2479
749|58,2480
1040|136,2481
1493|115,2482
272|44,2483
113|194,2484
68|10,2485
814|177,2486
6|128,2487
977|110,2488
1503|92,2489
391|241,2490
1867|128,2491
1072|298,2492
97|184,2493
541|177,2494
141|58,2495
51|423,2496
438|139,2497
393|972,2498
715|58,2499
822|175,2500
134|115,2501
144|113,2502
111|99,2503
1528|62,2504
59|53,2505
962|184,2506
1328|61,2507
78|498,2508
442|41,2509
122|65,2510
667|32,2511
806|957,2512
977|85,2513
265|79,2514
327|227,2515
31|121,2516
651|213,2517
6|84,2518
33|43,2519
46|2,2520
1052|49,2521
54|67,2522
842|83,2523
49|46,2524
437|105,2525
17|22,2526
1382|141,2527
43|16,2528
394|397,2529
206|90,2530
61|64,2531
551|139,2532
51|125,2533
11|104,2534
257|1210,2535
74|237,2536
55|69,2537
577|81,2538
22|620,2539
979|129,2540
91|177,2541
53|17,2542
315|332,2543
93|110,2544
72|38,2545
1744|220,2546
10|184,2547
144|478,2548
1894|76,2549
37|49,2550
755|498,2551
47|37,2552
665|287,2553
127|53,2554
118|90,2555
581|183,2556
70|599,2557
904|759,2558
357|81,2559
455|68,2560
235|116,2561
729|1422,2562
374|1324,2563
1954|44,2564
670|53,2565
228|23,2566
54|397,2567
814|148,2568
544|60,2569
67|76,2570
110|89,2571
938|15,2572
749|99,2573
39|342,2574
59|313,2575
117|41,2576
575|173,2577
658|972,2578
41|43,2579
346|117,2580
357|345,2581
309|18,2582
737|1197,2583
311|456,2584
1793|70,2585
821|38,2586
915|106,2587
51|115,2588
145|150,2589
1287|83,2590
732|105,2591
59|76,2592
249|90,2593
78|73,2594
88|89,2595
219|15,2596
988|38,2597
122|1693,2598
673|15,2599
910|64,2600
54|345,2601
575|130,2602
97|67,2603
22|108,2604
127|464,2605
583|63,2606
69|70,2607
678|76,2608
75|56,2609
185|177,2610
47|315,2611
171|913,2612
14|110,2613
252|129,2614
2|285,2615
139|148,2616
39|94,2617
901|177,2618
29|302,2619
10|89,2620
153|289,2621
665|419,2622
776|99,2623
978|41,2624
598|95,2625
515|304,2626
64|87,2627
106|58,2628
617|65,2629
815|74,2630
60|170,2631
53|108,2632
267|15,2633
15|406,2634
170|99,2635
59|92,2636
1027|81,2637
47|72,2638
2131|177,2639
39|320,2640
112|2368,2641
671|47,2642
41|69,2643
353|189,2644
22|43,2645
455|401,2646
95|84,2647
780|44,2648
90|1059,2649
55|762,2650
135|419,2651
144|61,2652
505|1800,2653
688|1207,2654
8|92,2655
64|85,2656
386|87,2657
159|2470,2658
46|1887,2659
111|59,2660
701|84,2661
1496|12,2662
15|37,2663
90|118,2664
15|552,2665
873|27,2666
50|60,2667
453|85,2668
51|167,2669
248|44,2670
143|748,2671
736|126,2672
137|104,2673
91|941,2674
1026|125,2675
688|35,2676
1431|148,2677
46|6,2678
429|99,2679
15|945,2680
1892|39,2681
238|9,2682
181|1151,2683
100|181,2684
1106|63,2685
15|84,2686
51|117,2687
164|1702,2688
76|153,2689
707|94,2690
7|190,2691
171|56,2692
655|247,2693
716|1396,2694
149|160,2695
434|128,2696
135|773,2697
920|79,2698
2460|36,2699
37|704,2700
32|213,2701
196|38,2702
109|712,2703
562|15,2704
211|84,2705
64|79,2706
53|58,2707
1068|125,2708
39|56,2709
54|184,2710
2173|117,2711
844|73,2712
71|220,2713
51|124,2714
691|58,2715
238|169,2716
484|146,2717
33|106,2718
654|641,2719
180|334,2720
51|152,2721
9|58,2722
113|17,2723
25|123,2724
15|117,2725
51|412,2726
10|116,2727
143|164,2728
1827|101,2729
47|62,2730
15|285,2731
22|117,2732
461|65,2733
33|104,2734
90|67,2735
1173|125,2736
64|177,2737
50|70,2738
90|184,2739
65|154,2740
131|59,2741
10|27,2742
344|43,2743
1066|63,2744
120|373,2745
433|159,2746
181|298,2747
516|44,2748
53|156,2749
16|1476,2750
55|239,2751
261|206,2752
1039|43,2753
52|417,2754
1899|76,2755
37|1447,2756
1648|1727,2757
47|320,2758
1281|10,2759
144|46,2760
278|87,2761
2437|15,2762
100|39,2763
804|23,2764
100|70,2765
64|23,2766
54|1000,2767
132|202,2768
1791|282,2769
254|213,2770
267|185,2771
235|43,2772
1489|85,2773
332|125,2774
426|41,2775
122|63,2776
54|1380,2777
79|134,2778
907|58,2779
2526|86,2780
235|58,2781
425|450,2782
2328|18,2783
769|15,2784
1185|18,2785
15|549,2786
382|107,2787
505|64,2788
122|62,2789
484|126,2790
104|6,2791
39|1808,2792
49|237,2793
47|1034,2794
178|88,2795
135|22,2796
41|160,2797
131|165,2798
13|35,2799
147|39,2800
96|79,2801
17|125,2802
65|121,2803
43|260,2804
32|148,2805
22|96,2806
144|733,2807
66|334,2808
664|251,2809
664|84,2810
267|313,2811
1524|101,2812
8|178,2813
67|237,2814
7|114,2815
91|871,2816
2750|896,2817
413|39,2818
1418|73,2819
37|487,2820
1162|185,2821
74|85,2822
117|65,2823
810|1498,2824
78|279,2825
137|47,2826
112|22,2827
139|177,2828
694|44,2829
91|99,2830
1950|60,2831
451|101,2832
37|36,2833
107|1620,2834
303|210,2835
47|51,2836
693|95,2837
49|53,2838
59|328,2839
134|169,2840
91|117,2841
16|85,2842
95|2419,2843
315|287,2844
32|80,2845
2742|34,2846
393|79,2847
55|44,2848
324|354,2849
179|568,2850
694|133,2851
410|73,2852
770|1044,2853
252|160,2854
58|58,2855
43|23,2856
212|62,2857
1156|50,2858
644|32,2859
98|124,2860
382|49,2861
7|110,2862
54|164,2863
10|64,2864
55|217,2865
47|688,2866
127|75,2867
47|139,2868
15|162,2869
1459|215,2870
55|2,2871
16|118,2872
67|75,2873
210|23,2874
311|23,2875
13|58,2876
218|126,2877
318|108,2878
265|298,2879
181|62,2880
185|125,2881
90|579,2882
725|77,2883
238|375,2884
1205|2,2885
144|662,2886
46|106,2887
527|103,2888
113|169,2889
1864|97,2890
575|313,2891
589|43,2892
54|145,2893
212|194,2894
728|1435,2895
54|518,2896
54|232,2897
42|159,2898
67|2066,2899
1539|147,2900
652|82,2901
311|161,2902
54|97,2903
54|294,2904
681|2738,2905
484|73,2906
178|99,2907
589|161,2908
960|23,2909
225|15,2910
98|1240,2911
39|160,2912
12|121,2913
37|205,2914
54|81,2915
46|23,2916
54|419,2917
1351|161,2918
78|792,2919
39|2450,2920
259|106,2921
527|347,2922
596|15,2923
422|2,2924
984|82,2925
52|15,2926
47|186,2927
396|169,2928
336|2658,2929
2454|96,2930
843|64,2931
74|1783,2932
144|24,2933
382|32,2934
10|199,2935
97|125,2936
16|50,2937
90|62,2938
827|177,2939
136|71,2940
129|177,2941
463|482,2942
514|789,2943
174|237,2944
186|17,2945
124|39,2946
85|1117,2947
631|759,2948
508|131,2949
235|1357,2950
2262|2743,2951
109|2037,2952
919|38,2953
881|23,2954
779|217,2955
926|32,2956
70|762,2957
11|147,2958
396|60,2959
938|334,2960
16|91,2961
111|61,2962
1073|49,2963
87|32,2964
88|113,2965
977|82,2966
680|81,2967
671|46,2968
115|38,2969
538|2240,2970
1386|99,2971
499|2,2972
345|38,2973
127|58,2974
1455|47,2975
391|351,2976
176|38,2977
46|366,2978
15|430,2979
50|102,2980
394|519,2981
11|97,2982
98|2097,2983
55|99,2984
476|153,2985
37|238,2986
2287|68,2987
303|69,2988
598|388,2989
1376|756,2990
81|2,2991
695|96,2992
2035|366,2993
467|89,2994
734|15,2995
585|15,2996
1112|161,2997
181|99,2998
621|15,2999
54|376,3000
257|522,3001
17|275,3002
429|68,3003
845|533,3004
1642|983,3005
124|59,3006
2219|230,3007
276|23,3008
60|222,3009
12|94,3010
61|10,3011
810|104,3012
790|416,3013
654|64,3014
1295|77,3015
1543|76,3016
76|97,3017
47|6,3018
1466|32,3019
198|216,3020
423|245,3021
17|34,3022
144|133,3023
131|96,3024
501|59,3025
91|39,3026
566|63,3027
1028|128,3028
16|13,3029
2158|56,3030
59|116,3031
671|210,3032
757|50,3033
370|99,3034
74|1011,3035
297|72,3036
2223|777,3037
85|828,3038
925|125,3039
918|1349,3040
1938|82,3041
257|2432,3042
138|114,3043
39|57,3044
1276|87,3045
181|71,3046
215|363,3047
1822|263,3048
1217|175,3049
453|148,3050
47|847,3051
509|62,3052
395|181,3053
2236|352,3054
37|754,3055
1460|332,3056
1796|129,3057
1553|15,3058
2965|107,3059
191|68,3060
679|104,3061
135|287,3062
836|148,3063
27|47,3064
31|138,3065
1145|44,3066
55|47,3067
464|15,3068
160|1815,3069
744|141,3070
1217|173,3071
545|173,3072
393|718,3073
84|105,3074
995|99,3075
12|147,3076
1529|15,3077
729|972,3078
621|241,3079
717|169,3080
223|251,3081
75|42,3082
118|39,3083
550|38,3084
1918|181,3085
11|94,3086
135|1465,3087
619|15,3088
16|104,3089
16|59,3090
78|831,3091
1358|62,3092
451|64,3093
11|3093,3094
8|100,3095
59|15,3096
101|121,3097
54|63,3098
145|723,3099
2659|697,3100
270|99,3101
51|1452,3102
424|128,3103
37|67,3104
199|662,3105
91|62,3106
109|342,3107
510|622,3108
436|89,3109
63|128,3110
838|1646,3111
525|623,3112
2188|153,3113
37|103,3114
84|367,3115
39|107,3116
780|87,3117
232|53,3118
103|152,3119
89|15,3120
348|1023,3121
965|39,3122
682|15,3123
72|65,3124
54|205,3125
71|15,3126
983|101,3127
1480|50,3128
33|59,3129
790|95,3130
30|110,3131
145|363,3132
10|20,3133
984|85,3134
122|55,3135
33|69,3136
287|64,3137
253|49,3138
267|32,3139
135|160,3140
393|6,3141
160|689,3142
67|203,3143
22|46,3144
267|130,3145
52|574,3146
297|173,3147
257|975,3148
83|168,3149
1131|44,3150
2020|89,3151
278|44,3152
1095|106,3153
53|128,3154
16|100,3155
872|1322,3156
1499|183,3157
1553|6,3158
1821|18,3159
63|106,3160
1305|10,3161
384|298,3162
41|44,3163
1548|47,3164
143|46,3165
786|58,3166
94|247,3167
316|2,3168
54|705,3169
578|58,3170
180|15,3171
66|44,3172
2833|64,3173
2267|117,3174
1401|99,3175
915|128,3176
127|188,3177
37|122,3178
90|125,3179
580|77,3180
143|843,3181
37|228,3182
69|513,3183
794|104,3184
42|60,3185
12|64,3186
43|129,3187
52|531,3188
1430|71,3189
47|209,3190
467|44,3191
664|129,3192
84|220,3193
109|113,3194
110|1566,3195
37|420,3196
949|108,3197
929|440,3198
418|150,3199
622|1578,3200
2846|36,3201
244|64,3202
484|10,3203
628|125,3204
59|100,3205
51|1074,3206
849|44,3207
314|149,3208
143|1342,3209
302|64,3210
618|30,3211
135|1020,3212
51|408,3213
1248|111,3214
842|97,3215
103|213,3216
91|32,3217
963|691,3218
51|211,3219
15|150,3220
1114|1212,3221
1183|422,3222
52|126,3223
117|1124,3224
946|221,3225
137|9,3226
577|59,3227
98|162,3228
19|10,3229
1709|125,3230
135|149,3231
39|133,3232
252|369,3233
170|65,3234
1572|105,3235
408|80,3236
30|92,3237
45|29,3238
1036|62,3239
131|2,3240
701|15,3241
725|2,3242
757|162,3243
2706|61,3244
197|256,3245
51|863,3246
283|47,3247
308|23,3248
351|85,3249
1845|2,3250
143|307,3251
971|68,3252
875|301,3253
459|58,3254
78|491,3255
103|953,3256
73|60,3257
360|117,3258
235|218,3259
239|189,3260
15|1070,3261
55|87,3262
50|169,3263
388|177,3264
65|72,3265
32|99,3266
16|95,3267
479|453,3268
180|203,3269
1504|100,3270
145|496,3271
352|534,3272
537|97,3273
105|56,3274
311|177,3275
1947|121,3276
230|486,3277
1515|99,3278
497|59,3279
10|600,3280
98|34,3281
872|84,3282
1618|11,3283
87|1362,3284
59|457,3285
1376|159,3286
837|147,3287
235|279,3288
379|58,3289
71|169,3290
75|238,3291
1520|345,3292
776|57,3293
74|122,3294
87|18,3295
269|190,3296
254|181,3297
911|129,3298
253|111,3299
429|58,3300
2159|239,3301
1123|233,3302
135|238,3303
2522|464,3304
170|171,3305
543|58,3306
83|1428,3307
610|263,3308
537|1152,3309
107|16,3310
47|2067,3311
54|71,3312
171|15,3313
958|107,3314
545|153,3315
284|354,3316
914|215,3317
212|106,3318
990|71,3319
84|68,3320
267|602,3321
1169|2407,3322
78|1097,3323
209|39,3324
8|427,3325
267|149,3326
382|16,3327
1453|14,3328
414|152,3329
12|605,3330
577|133,3331
309|107,3332
743|1481,3333
127|566,3334
89|32,3335
174|253,3336
1355|206,3337
90|60,3338
29|111,3339
1084|206,3340
422|38,3341
822|173,3342
25|85,3343
54|1809,3344
117|161,3345
50|68,3346
887|332,3347
27|110,3348
152|62,3349
45|83,3350
790|126,3351
196|194,3352
2736|101,3353
46|1326,3354
17|35,3355
37|3137,3356
85|23,3357
1759|457,3358
117|1132,3359
1091|195,3360
1862|94,3361
542|121,3362
423|56,3363
1101|199,3364
78|1133,3365
687|1225,3366
89|110,3367
305|6,3368
754|332,3369
1332|15,3370
128|133,3371
525|1541,3372
103|125,3373
74|1857,3374
971|43,3375
1540|99,3376
15|1207,3377
141|38,3378
54|142,3379
910|491,3380
65|83,3381
2652|298,3382
918|1578,3383
1968|110,3384
688|69,3385
113|88,3386
478|129,3387
1022|2,3388
2858|448,3389
109|2096,3390
93|286,3391
564|1018,3392
845|698,3393
144|205,3394
126|64,3395
35|39,3396
1473|85,3397
623|41,3398
42|121,3399
687|1029,3400
547|236,3401
257|660,3402
2502|38,3403
791|2510,3404
1|73,3405
1851|287,3406
33|46,3407
179|72,3408
88|70,3409
537|7,3410
74|175,3411
1130|83,3412
1531|232,3413
54|1799,3414
107|165,3415
3286|62,3416
96|57,3417
2084|475,3418
54|128,3419
38|164,3420
681|83,3421
92|2794,3422
59|363,3423
1323|62,3424
265|375,3425
17|417,3426
699|44,3427
98|51,3428
492|79,3429
408|228,3430
610|99,3431
209|294,3432
752|150,3433
919|183,3434
69|138,3435
78|69,3436
46|642,3437
2601|221,3438
1616|1957,3439
64|241,3440
96|169,3441
784|33,3442
374|39,3443
37|436,3444
750|134,3445
71|10,3446
74|1782,3447
563|483,3448
11|2060,3449
299|87,3450
552|71,3451
78|2936,3452
197|221,3453
117|471,3454
108|89,3455
1033|2,3456
1711|206,3457
54|1559,3458
223|150,3459
84|43,3460
1091|206,3461
20|2220,3462
157|44,3463
1688|206,3464
118|58,3465
351|785,3466
264|56,3467
11|9,3468
1296|75,3469
31|263,3470
260|67,3471
427|128,3472
12|1476,3473
107|2565,3474
131|1559,3475
389|2,3476
46|1211,3477
151|23,3478
139|217,3479
36|71,3480
129|2,3481
393|131,3482
348|264,3483
2058|84,3484
1161|64,3485
1791|366,3486
1036|15,3487
145|711,3488
828|3172,3489
66|203,3490
658|1422,3491
1634|121,3492
46|913,3493
1045|41,3494
391|58,3495
652|176,3496
170|389,3497
625|49,3498
250|87,3499
818|88,3500
113|375,3501
1727|94,3502
1103|110,3503
448|188,3504
317|430,3505
118|100,3506
851|85,3507
122|227,3508
180|152,3509
745|177,3510
238|534,3511
806|18,3512
54|38,3513
739|272,3514
380|851,3515
482|44,3516
734|150,3517
47|195,3518
346|2,3519
13|46,3520
51|774,3521
238|96,3522
1497|115,3523
3138|10,3524
55|138,3525
497|64,3526
437|6,3527
918|121,3528
752|513,3529
95|59,3530
752|232,3531
1453|697,3532
32|457,3533
374|99,3534
664|38,3535
1258|161,3536
576|10,3537
109|33,3538
438|106,3539
467|43,3540
2542|70,3541
37|695,3542
36|245,3543
545|97,3544
1186|24,3545
791|115,3546
505|138,3547
144|101,3548
31|59,3549
179|327,3550
59|169,3551
126|367,3552
30|70,3553
357|115,3554
11|125,3555
121|111,3556
817|125,3557
1271|44,3558
8|110,3559
1203|175,3560
1208|65,3561
202|128,3562
1688|203,3563
262|65,3564
43|488,3565
204|108,3566
1030|76,3567
116|128,3568
2062|58,3569
80|123,3570
164|83,3571
238|218,3572
551|79,3573
137|43,3574
346|168,3575
118|2722,3576
195|71,3577
1774|156,3578
333|128,3579
116|177,3580
107|1163,3581
757|153,3582
1359|82,3583
240|129,3584
32|65,3585
245|15,3586
425|217,3587
357|107,3588
135|1746,3589
27|1402,3590
164|38,3591
341|31,3592
143|728,3593
1518|16,3594
284|77,3595
1543|82,3596
2075|1442,3597
467|276,3598
128|87,3599
260|276,3600
143|1210,3601
144|1809,3602
22|313,3603
55|23,3604
51|44,3605
1478|85,3606
144|741,3607
1477|173,3608
780|80,3609
740|885,3610
1056|68,3611
1956|68,3612
479|1018,3613
1691|123,3614
131|1000,3615
381|99,3616
490|44,3617
2685|43,3618
660|456,3619
438|1144,3620
562|334,3621
267|162,3622
116|72,3623
30|44,3624
37|577,3625
352|851,3626
79|832,3627
860|54,3628
66|232,3629
619|84,3630
141|87,3631
51|334,3632
1103|92,3633
425|241,3634
1030|75,3635
2168|726,3636
59|190,3637
109|3230,3638
1001|58,3639
2088|239,3640
308|2,3641
431|87,3642
30|245,3643
49|95,3644
914|141,3645
1233|39,3646
176|50,3647
266|277,3648
267|38,3649
37|1420,3650
15|75,3651
176|72,3652
930|189,3653
78|461,3654
418|84,3655
151|3059,3656
628|54,3657
107|1000,3658
153|80,3659
60|2,3660
529|75,3661
1904|304,3662
53|191,3663
118|99,3664
114|71,3665
255|248,3666
54|1619,3667
388|217,3668
85|136,3669
1239|43,3670
1468|620,3671
103|178,3672
79|89,3673
2126|106,3674
105|192,3675
84|588,3676
78|249,3677
900|1197,3678
1518|1835,3679
101|68,3680
109|73,3681
1479|95,3682
381|177,3683
3188|62,3684
1221|38,3685
12|101,3686
190|287,3687
72|47,3688
2265|440,3689
97|47,3690
210|6,3691
1833|99,3692
54|1649,3693
562|241,3694
54|273,3695
27|85,3696
88|87,3697
27|210,3698
51|307,3699
1394|85,3700
56|43,3701
107|150,3702
37|1380,3703
143|333,3704
2732|62,3705
851|110,3706
341|128,3707
39|275,3708
103|10,3709
47|87,3710
873|361,3711
39|69,3712
47|63,3713
91|116,3714
145|601,3715
9|289,3716
117|367,3717
78|1636,3718
37|1195,3719
61|71,3720
84|471,3721
235|83,3722
825|69,3723
10|19,3724
39|552,3725
88|206,3726
56|58,3727
96|148,3728
1280|10,3729
73|106,3730
54|59,3731
69|87,3732
51|1010,3733
981|58,3734
859|58,3735
164|1420,3736
59|20,3737
335|130,3738
2194|514,3739
1558|99,3740
15|147,3741
11|131,3742
96|16,3743
37|447,3744
69|206,3745
131|1545,3746
170|71,3747
1311|84,3748
1834|105,3749
96|292,3750
278|6,3751
516|89,3752
145|534,3753
1378|32,3754
260|63,3755
2248|1700,3756
1459|3709,3757
455|833,3758
101|677,3759
3205|2,3760
335|190,3761
1812|169,3762
517|79,3763
47|125,3764
2162|161,3765
1123|175,3766
717|83,3767
1981|85,3768
1691|114,3769
37|169,3770
55|1686,3771
326|1212,3772
90|1011,3773
1650|126,3774
499|532,3775
55|689,3776
138|2,3777
162|44,3778
11|413,3779
660|2282,3780
311|236,3781
425|148,3782
269|130,3783
317|47,3784
78|879,3785
2357|61,3786
1770|68,3787
2390|15,3788
949|329,3789
1096|62,3790
41|400,3791
411|41,3792
1327|213,3793
183|23,3794
1865|153,3795
413|1535,3796
54|1545,3797
128|1053,3798
960|58,3799
98|1181,3800
151|299,3801
67|47,3802
52|3516,3803
78|210,3804
89|2,3805
55|169,3806
196|161,3807
1244|115,3808
1171|6,3809
715|146,3810
46|1592,3811
37|38,3812
12|134,3813
51|1292,3814
910|39,3815
7|313,3816
118|1148,3817
43|421,3818
35|97,3819
22|104,3820
558|389,3821
11|67,3822
36|167,3823
368|620,3824
1638|85,3825
936|39,3826
2699|551,3827
2416|32,3828
2847|10,3829
1643|99,3830
525|442,3831
54|41,3832
110|75,3833
1161|59,3834
127|60,3835
295|99,3836
865|99,3837
116|172,3838
1169|2530,3839
875|475,3840
46|264,3841
992|2154,3842
1743|241,3843
1582|121,3844
74|1000,3845
1091|203,3846
350|15,3847
511|213,3848
37|1856,3849
877|41,3850
6|596,3851
11|2136,3852
43|3792,3853
50|127,3854
927|1023,3855
2142|146,3856
175|44,3857
47|763,3858
120|69,3859
78|3210,3860
50|105,3861
712|146,3862
501|1136,3863
1068|54,3864
437|115,3865
169|94,3866
253|2924,3867
91|138,3868
209|70,3869
39|124,3870
267|1741,3871
95|8,3872
965|60,3873
1676|645,3874
109|259,3875
962|133,3876
1353|169,3877
149|210,3878
43|162,3879
785|121,3880
259|65,3881
712|171,3882
283|20,3883
1556|149,3884
22|133,3885
484|95,3886
37|131,3887
2|852,3888
257|748,3889
2120|32,3890
53|60,3891
678|906,3892
7|123,3893
1049|166,3894
55|68,3895
11|35,3896
53|160,3897
289|123,3898
15|543,3899
151|5,3900
51|521,3901
90|111,3902
53|1051,3903
61|99,3904
69|15,3905
61|124,3906
418|1848,3907
157|23,3908
54|96,3909
46|282,3910
56|89,3911
64|217,3912
1320|185,3913
2554|226,3914
446|32,3915
353|2367,3916
1251|105,3917
348|115,3918
2778|68,3919
79|87,3920
2660|148,3921
2050|54,3922
52|237,3923
43|47,3924
538|2059,3925
267|266,3926
1336|43,3927
891|3405,3928
131|1649,3929
468|240,3930
575|993,3931
111|84,3932
499|351,3933
49|94,3934
2927|451,3935
37|653,3936
2637|3936,3937
109|3428,3938
1206|92,3939
1164|47,3940
1762|128,3941
1354|149,3942
124|534,3943
351|53,3944
1946|62,3945
51|610,3946
76|266,3947
53|15,3948
139|23,3949
2047|241,3950
737|44,3951
553|106,3952
90|69,3953
72|106,3954
1294|15,3955
978|850,3956
954|58,3957
712|2874,3958
7|130,3959
843|58,3960
101|129,3961
66|41,3962
144|300,3963
264|127,3964
135|66,3965
65|266,3966
145|428,3967
144|412,3968
394|423,3969
135|1939,3970
125|64,3971
1439|101,3972
51|265,3973
1676|55,3974
330|502,3975
2187|15,3976
622|1349,3977
42|85,3978
178|61,3979
1969|2,3980
633|99,3981
82|62,3982
2726|221,3983
145|488,3984
286|71,3985
261|352,3986
521|2823,3987
348|650,3988
11|127,3989
1439|327,3990
78|18,3991
815|80,3992
181|139,3993
52|219,3994
238|68,3995
369|62,3996
25|693,3997
261|62,3998
632|217,3999
211|304,4000
1883|2,4001
37|2201,4002
11|734,4003
1292|236,4004
74|64,4005
694|87,4006
206|276,4007
38|133,4008
225|190,4009
368|850,4010
427|10,4011
916|38,4012
181|41,4013
109|2294,4014
85|262,4015
3082|239,4016
680|58,4017
37|1051,4018
355|2,4019
54|36,4020
1549|77,4021
277|58,4022
98|24,4023
2093|440,4024
780|457,4025
116|58,4026
34|536,4027
1320|149,4028
1918|91,4029
1247|121,4030
94|217,4031
74|55,4032
815|118,4033
10|82,4034
98|2449,4035
507|171,4036
341|171,4037
53|149,4038
122|43,4039
60|133,4040
542|104,4041
118|16,4042
461|47,4043
235|1115,4044
934|39,4045
472|398,4046
1316|33,4047
297|568,4048
50|3576,4049
37|89,4050
49|20,4051
171|89,4052
349|70,4053
43|549,4054
162|134,4055
1403|107,4056
149|2,4057
47|459,4058
1015|1498,4059
51|46,4060
151|134,4061
3896|116,4062
37|197,4063
682|123,4064
235|436,4065
2420|81,4066
1171|92,4067
98|52,4068
31|34,4069
16|47,4070
29|436,4071
185|16,4072
706|123,4073
11|87,4074
1494|71,4075
39|1782,4076
570|31,4077
129|217,4078
37|137,4079
98|2788,4080
2043|115,4081
1429|366,4082
608|2676,4083
39|307,4084
33|375,4085
1434|301,4086
2452|233,4087
1286|284,4088
1861|2826,4089
446|1417,4090
70|147,4091
1305|44,4092
520|210,4093
126|84,4094
267|1022,4095
117|39,4096
924|877,4097
270|375,4098
260|81,4099
1153|62,4100
230|38,4101
315|170,4102
143|347,4103
122|73,4104
270|62,4105
196|121,4106
1398|139,4107
1203|233,4108
347|3110,4109
179|1067,4110
226|61,4111
16|4111,4112
779|450,4113
781|129,4114
22|60,4115
391|2,4116
2004|1775,4117
393|178,4118
58|124,4119
309|1124,4120
1642|500,4121
1436|58,4122
583|91,4123
372|38,4124
100|18,4125
38|3471,4126
12|1225,4127
2283|169,4128
492|125,4129
3515|172,4130
18|952,4131
2409|147,4132
499|334,4133
1694|2947,4134
3105|1500,4135
257|59,4136
155|38,4137
55|220,4138
1453|18,4139
214|599,4140
1074|173,4141
1330|44,4142
78|128,4143
3116|3819,4144
76|107,4145
78|848,4146
427|256,4147
109|67,4148
745|116,4149
633|57,4150
1161|52,4151
2836|15,4152
293|1205,4153
293|1343,4154
15|100,4155
717|55,4156
1802|46,4157
198|61,4158
184|23,4159
1284|70,4160
330|417,4161
3887|211,4162
59|1277,4163
737|89,4164
225|260,4165
15|80,4166
492|1536,4167
109|58,4168
1472|332,4169
43|99,4170
109|2595,4171
51|209,4172
1177|32,4173
451|70,4174
2327|3422,4175
467|1847,4176
239|113,4177
987|1065,4178
15|181,4179
143|259,4180
190|92,4181
1085|117,4182
349|39,4183
1796|84,4184
916|99,4185
219|84,4186
820|161,4187
791|79,4188
209|2179,4189
1185|85,4190
1310|276,4191
289|62,4192
1468|850,4193
789|77,4194
54|1966,4195
3213|64,4196
127|146,4197
730|70,4198
122|58,4199
65|68,4200
1452|177,4201
122|128,4202
229|206,4203
162|56,4204
870|3097,4205
104|286,4206
46|65,4207
770|191,4208
2127|32,4209
30|262,4210
1937|44,4211
25|159,4212
2297|84,4213
98|396,4214
78|1885,4215
178|1264,4216
18|55,4217
130|123,4218
66|32,4219
486|61,4220
1707|2765,4221
665|702,4222
45|23,4223
143|59,4224
127|677,4225
111|64,4226
15|90,4227
64|532,4228
451|44,4229
42|110,4230
55|148,4231
35|133,4232
12|88,4233
1524|39,4234
2817|68,4235
682|114,4236
15|213,4237
61|190,4238
59|7,4239
11|25,4240
67|122,4241
160|87,4242
43|12,4243
143|23,4244
15|206,4245
648|121,4246
52|245,4247
2820|15,4248
2345|44,4249
364|87,4250
1201|262,4251
1477|175,4252
971|108,4253
908|56,4254
3555|2022,4255
1084|1609,4256
840|62,4257
676|181,4258
2705|76,4259
908|314,4260
515|1405,4261
47|131,4262
584|2,4263
393|1065,4264
3764|73,4265
253|300,4266
1805|81,4267
2774|871,4268
2663|896,4269
1103|53,4270
1234|71,4271
374|138,4272
15|389,4273
1558|58,4274
1813|38,4275
969|84,4276
1131|105,4277
499|15,4278
52|3953,4279
346|23,4280
648|58,4281
136|121,4282
315|947,4283
1027|58,4284
1427|62,4285
1088|58,4286
129|23,4287
335|72,4288
88|1579,4289
629|65,4290
10|182,4291
1995|71,4292
1073|77,4293
145|567,4294
49|276,4295
397|601,4296
1247|134,4297
127|3263,4298
85|107,4299
46|62,4300
80|114,4301
15|14,4302
2011|99,4303
27|147,4304
578|62,4305
544|43,4306
43|567,4307
962|1929,4308
20|178,4309
1707|4309,4310
37|320,4311
619|129,4312
83|39,4313
1681|83,4314
257|167,4315
54|3208,4316
396|369,4317
52|2182,4318
124|1405,4319
125|181,4320
1232|248,4321
91|334,4322
1762|110,4323
429|457,4324
135|1565,4325
43|496,4326
143|453,4327
1296|2539,4328
105|32,4329
2298|166,4330
2988|1936,4331
1172|236,4332
971|104,4333
176|83,4334
239|103,4335
33|486,4336
1849|475,4337
3217|106,4338
1156|972,4339
317|1495,4340
317|1280,4341
170|106,4342
1784|71,4343
225|32,4344
52|1511,4345
179|3961,4346
43|84,4347
126|1502,4348
186|62,4349
1047|65,4350
2013|41,4351
1478|110,4352
37|18,4353
11|81,4354
149|147,4355
665|519,4356
1862|134,4357
11|497,4358
78|1846,4359
124|55,4360
1916|63,4361
1705|43,4362
261|14,4363
304|71,4364
1261|75,4365
18|121,4366
1116|110,4367
642|89,4368
240|152,4369
53|107,4370
67|202,4371
264|210,4372
253|41,4373
87|1204,4374
60|689,4375
1893|104,4376
918|134,4377
297|366,4378
1026|75,4379
2475|94,4380
2259|852,4381
191|2,4382
1038|747,4383
663|141,4384
2929|44,4385
82|106,4386
138|279,4387
87|276,4388
39|879,4389
111|65,4390
94|62,4391
209|95,4392
143|112,4393
72|169,4394
3594|263,4395
1742|110,4396
109|90,4397
2710|810,4398
143|2316,4399
622|92,4400
49|115,4401
117|430,4402
287|58,4403
429|16,4404
96|217,4405
78|1556,4406
33|216,4407
900|44,4408
1574|44,4409
97|1480,4410
19|32,4411
235|247,4412
7|32,4413
179|981,4414
198|56,4415
54|94,4416
107|1316,4417
51|141,4418
51|3467,4419
41|161,4420
53|215,4421
131|205,4422
51|230,4423
505|641,4424
170|2,4425
1071|691,4426
82|130,4427
51|114,4428
100|428,4429
11|1896,4430
3482|10,4431
1424|99,4432
423|344,4433
1824|301,4434
1489|1404,4435
1310|811,4436
308|6,4437
144|976,4438
112|59,4439
722|58,4440
368|99,4441
555|161,4442
164|162,4443
51|4258,4444
141|23,4445
131|2867,4446
1926|68,4447
2031|89,4448
224|97,4449
2193|58,4450
2264|458,4451
269|173,4452
127|2023,4453
1052|77,4454
451|39,4455
644|15,4456
194|211,4457
360|237,4458
206|176,4459
95|53,4460
68|32,4461
98|186,4462
483|1115,4463
1238|161,4464
1071|213,4465
1394|15,4466
433|216,4467
37|65,4468
52|134,4469
2031|62,4470
8|32,4471
78|202,4472
13|117,4473
519|232,4474
396|70,4475
418|129,4476
505|524,4477
109|976,4478
47|126,4479
17|797,4480
667|23,4481
87|220,4482
29|136,4483
135|1181,4484
109|1991,4485
606|47,4486
3062|43,4487
54|623,4488
346|87,4489
996|58,4490
1607|84,4491
1651|13,4492
284|2,4493
479|23,4494
72|53,4495
109|741,4496
1137|58,4497
27|430,4498
54|801,4499
2354|3932,4500
30|673,4501
717|115,4502
3406|301,4503
141|39,4504
2979|67,4505
91|44,4506
2229|82,4507
51|53,4508
96|268,4509
164|309,4510
3811|153,4511
55|457,4512
899|220,4513
30|114,4514
1248|221,4515
914|1957,4516
46|10,4517
362|2,4518
318|1617,4519
235|1,4520
2793|141,4521
98|135,4522
2647|85,4523
339|2,4524
434|247,4525
41|1204,4526
153|61,4527
2239|58,4528
3282|106,4529
1003|136,4530
109|1684,4531
55|17,4532
971|760,4533
2698|58,4534
2613|58,4535
37|50,4536
65|44,4537
306|91,4538
121|41,4539
98|1133,4540
391|64,4541
2606|15,4542
3162|4498,4543
14|32,4544
39|1051,4545
716|39,4546
160|167,4547
2266|108,4548
311|61,4549
269|2320,4550
875|889,4551
204|1070,4552
900|1975,4553
255|2152,4554
328|111,4555
1705|104,4556
315|2352,4557
2781|23,4558
144|59,4559
229|221,4560
707|117,4561
74|53,4562
50|38,4563
64|6,4564
81|149,4565
144|491,4566
1743|58,4567
3742|245,4568
64|20,4569
100|59,4570
1643|58,4571
10|69,4572
11|59,4573
685|41,4574
54|383,4575
1395|282,4576
490|38,4577
15|2299,4578
1398|106,4579
2323|448,4580
1088|38,4581
171|314,4582
155|65,4583
3310|372,4584
111|1117,4585
4027|1983,4586
397|129,4587
74|147,4588
78|2304,4589
3336|106,4590
31|518,4591
96|23,4592
418|251,4593
349|169,4594
1|32,4595
105|121,4596
8|121,4597
654|1800,4598
484|1168,4599
309|610,4600
84|33,4601
397|251,4602
899|58,4603
42|354,4604
1026|79,4605
197|300,4606
591|115,4607
1505|169,4608
16|18,4609
47|1222,4610
3012|233,4611
120|106,4612
9|96,4613
99|38,4614
79|13,4615
265|122,4616
61|39,4617
64|161,4618
235|128,4619
672|71,4620
901|71,4621
488|87,4622
107|177,4623
3007|81,4624
789|354,4625
585|2,4626
129|532,4627
192|59,4628
1667|72,4629
591|18,4630
257|46,4631
105|31,4632
239|55,4633
178|68,4634
69|105,4635
1085|168,4636
1221|65,4637
815|115,4638
37|10,4639
184|123,4640
1429|185,4641
208|355,4642
181|375,4643
1895|79,4644
1534|23,4645
1011|62,4646
492|54,4647
92|332,4648
717|993,4649
46|2672,4650
878|62,4651
519|596,4652
50|39,4653
2711|1930,4654
224|266,4655
1281|89,4656
559|115,4657
120|65,4658
468|262,4659
695|373,4660
238|726,4661
1961|777,4662
1186|1018,4663
430|2958,4664
1429|282,4665
3042|220,4666
1528|89,4667
2438|89,4668
585|16,4669
288|58,4670
1550|401,4671
540|2638,4672
779|148,4673
2536|149,4674
846|191,4675
152|34,4676
235|902,4677
1040|232,4678
681|97,4679
2687|1700,4680
1409|181,4681
2696|272,4682
118|32,4683
209|2305,4684
734|58,4685
72|10,4686
135|4686,4687
575|97,4688
111|1370,4689
89|314,4690
96|2008,4691
1027|116,4692
174|4460,4693
2605|384,4694
757|266,4695
1170|152,4696
190|277,4697
3696|49,4698
1674|43,4699
801|113,4700
9|75,4701
100|91,4702
2121|172,4703
500|106,4704
727|15,4705
1581|69,4706
25|216,4707
10|118,4708
1880|2467,4709
47|13,4710
61|568,4711
1059|96,4712
51|1788,4713
54|121,4714
192|1395,4715
4112|170,4716
37|186,4717
545|130,4718
667|10,4719
1431|177,4720
32|2541,4721
249|160,4722
1023|2856,4723
340|6,4724
276|41,4725
107|796,4726
293|858,4727
939|58,4728
545|260,4729
842|173,4730
3478|107,4731
368|248,4732
672|284,4733
74|103,4734
11|138,4735
64|76,4736
1282|69,4737
761|1925,4738
143|821,4739
1759|428,4740
551|71,4741
108|43,4742
825|47,4743
136|314,4744
678|1197,4745
2714|58,4746
3963|47,4747
149|80,4748
619|496,4749
448|146,4750
185|217,4751
638|116,4752
1026|54,4753
289|114,4754
49|59,4755
60|71,4756
30|87,4757
1426|241,4758
100|195,4759
98|3014,4760
47|152,4761
11|109,4762
1088|99,4763
73|2,4764
919|171,4765
525|68,4766
781|528,4767
418|1004,4768
448|73,4769
59|2329,4770
2785|213,4771
925|178,4772
144|141,4773
1317|97,4774
1356|23,4775
755|115,4776
1059|47,4777
37|294,4778
776|88,4779
2098|38,4780
1066|53,4781
1239|127,4782
37|1522,4783
769|23,4784
135|198,4785
54|2115,4786
1039|400,4787
122|456,4788
1711|470,4789
18|92,4790
1505|92,4791
143|2362,4792
223|129,4793
113|61,4794
38|129,4795
395|63,4796
1106|661,4797
1491|38,4798
837|108,4799
544|927,4800
894|249,4801
2644|69,4802
41|106,4803
537|190,4804
37|97,4805
510|95,4806
445|44,4807
144|2442,4808
734|23,4809
2133|232,4810
1777|136,4811
572|70,4812
723|39,4813
116|482,4814
109|1748,4815
127|406,4816
107|148,4817
1792|567,4818
61|12,4819
667|6,4820
81|105,4821
47|116,4822
3089|497,4823
65|245,4824
1769|39,4825
2708|177,4826
67|2024,4827
98|3203,4828
46|109,4829
564|1024,4830
194|92,4831
135|4831,4832
494|15,4833
141|15,4834
27|850,4835
1326|210,4836
85|65,4837
2796|205,4838
3010|128,4839
771|2053,4840
436|115,4841
145|285,4842
1682|115,4843
74|2410,4844
405|73,4845
287|85,4846
32|126,4847
2655|160,4848
196|177,4849
264|15,4850
37|215,4851
1038|139,4852
43|149,4853
1330|87,4854
1672|73,4855
46|855,4856
770|416,4857
211|598,4858
3226|116,4859
143|612,4860
43|282,4861
854|147,4862
1126|528,4863
152|58,4864
2017|2,4865
144|1205,4866
794|811,4867
78|2258,4868
429|456,4869
397|84,4870
32|491,4871
312|131,4872
178|134,4873
240|72,4874
1206|159,4875
211|150,4876
54|491,4877
505|1262,4878
67|495,4879
85|13,4880
3022|65,4881
191|367,4882
67|110,4883
240|206,4884
1049|262,4885
437|129,4886
15|4056,4887
484|416,4888
39|210,4889
61|43,4890
10|35,4891
14|188,4892
47|102,4893
3835|121,4894
1017|415,4895
143|56,4896
564|929,4897
578|1357,4898
1175|39,4899
708|65,4900
106|100,4901
76|149,4902
254|126,4903
1338|217,4904
63|65,4905
39|1163,4906
79|90,4907
249|403,4908
388|148,4909
17|106,4910
70|3,4911
55|104,4912
53|69,4913
107|260,4914
253|262,4915
482|1283,4916
1478|82,4917
179|23,4918
55|64,4919
1622|106,4920
439|233,4921
75|61,4922
51|1299,4923
2580|387,4924
82|260,4925
127|115,4926
222|15,4927
50|170,4928
1169|1428,4929
780|91,4930
1121|1405,4931
291|3462,4932
656|389,4933
2697|99,4934
1774|58,4935
757|130,4936
3430|877,4937
56|17,4938
1455|68,4939
722|146,4940
621|99,4941
105|314,4942
501|324,4943
151|47,4944
750|344,4945
170|39,4946
77|826,4947
90|259,4948
161|3136,4949
3129|105,4950
998|39,4951
1947|56,4952
18|4881,4953
2420|4953,4954
4796|70,4955
33|220,4956
1201|302,4957
181|106,4958
224|153,4959
893|415,4960
1203|1067,4961
267|190,4962
1049|602,4963
17|69,4964
517|125,4965
66|1507,4966
1926|47,4967
180|195,4968
2312|1063,4969
1250|2129,4970
837|96,4971
1539|43,4972
7|173,4973
11|130,4974
200|15,4975
1622|38,4976
391|217,4977
135|115,4978
958|1124,4979
1344|123,4980
559|167,4981
67|304,4982
559|367,4983
254|388,4984
37|2092,4985
143|662,4986
598|213,4987
2184|68,4988
1469|121,4989
1186|15,4990
1431|71,4991
648|194,4992
1742|85,4993
3370|301,4994
287|76,4995
688|871,4996
1725|108,4997
729|2237,4998
135|896,4999
124|60,5000
463|624,5001
687|245,5002
250|89,5003
482|77,5004
65|38,5005
103|194,5006
145|389,5007
249|115,5008
1645|58,5009
78|1256,5010
87|147,5011
1039|1325,5012
112|95,5013
1543|1099,5014
1600|820,5015
69|203,5016
1250|2030,5017
109|271,5018
1725|47,5019
1096|44,5020
1266|106,5021
37|59,5022
16|759,5023
85|185,5024
54|47,5025
1123|1501,5026
235|104,5027
1160|44,5028
101|150,5029
2105|75,5030
1697|195,5031
4676|3880,5032
93|176,5033
619|567,5034
1293|71,5035
299|89,5036
135|120,5037
7|178,5038
70|95,5039
327|58,5040
185|23,5041
57|38,5042
209|169,5043
3899|32,5044
431|23,5045
527|1675,5046
427|217,5047
151|453,5048
628|115,5049
60|136,5050
1097|84,5051
986|62,5052
23|826,5053
15|50,5054
3|24,5055
2842|105,5056
32|759,5057
564|1500,5058
16|1775,5059
78|914,5060
164|2,5061
2440|711,5062
1085|61,5063
97|15,5064
175|110,5065
11|117,5066
16|125,5067
98|349,5068
154|116,5069
626|195,5070
76|456,5071
60|301,5072
690|56,5073
91|171,5074
476|149,5075
3583|70,5076
543|106,5077
98|922,5078
46|2712,5079
589|1888,5080
61|83,5081
572|64,5082
1493|169,5083
2762|95,5084
78|610,5085
27|94,5086
96|62,5087
2838|62,5088
655|81,5089
3186|125,5090
1281|44,5091
73|1300,5092
679|161,5093
153|58,5094
118|82,5095
370|69,5096
59|31,5097
1472|127,5098
312|856,5099
2209|161,5100
3687|69,5101
143|117,5102
1853|87,5103
11|477,5104
118|620,5105
500|58,5106
617|106,5107
54|481,5108
1520|183,5109
2982|16,5110
2107|62,5111
78|31,5112
1697|422,5113
85|175,5114
4562|4348,5115
2668|74,5116
515|513,5117
107|73,5118
74|1113,5119
1338|241,5120
78|3417,5121
4018|89,5122
12|620,5123
3196|121,5124
1167|457,5125
52|87,5126
116|23,5127
154|171,5128
3849|417,5129
1637|130,5130
133|176,5131
346|1574,5132
170|285,5133
1333|97,5134
2143|301,5135
2851|85,5136
374|703,5137
866|354,5138
580|23,5139
47|707,5140
2912|83,5141
129|49,5142
121|726,5143
184|218,5144
82|87,5145
37|3996,5146
96|1850,5147
1682|169,5148
1451|60,5149
10|256,5150
716|1440,5151
264|47,5152
512|198,5153
47|355,5154
1274|382,5155
71|588,5156
36|35,5157
83|60,5158
111|3911,5159
39|2456,5160
265|1,5161
184|1015,5162
840|44,5163
247|1471,5164
160|10,5165
78|2779,5166
37|414,5167
472|58,5168
524|89,5169
254|73,5170
186|138,5171
540|64,5172
453|58,5173
33|134,5174
16|56,5175
9|53,5176
216|181,5177
120|44,5178
162|87,5179
171|13,5180
46|161,5181
47|1750,5182
555|58,5183
51|61,5184
336|76,5185
1097|38,5186
1037|83,5187
191|236,5188
2533|152,5189
487|66,5190
185|310,5191
154|189,5192
562|217,5193
287|71,5194
15|34,5195
145|304,5196
828|113,5197
314|153,5198
135|80,5199
145|528,5200
131|848,5201
181|2,5202
100|90,5203
51|127,5204
153|178,5205
12|34,5206
69|111,5207
427|158,5208
900|89,5209
3125|99,5210
63|15,5211
59|596,5212
75|121,5213
1183|344,5214
468|76,5215
47|2072,5216
74|59,5217
170|23,5218
39|1716,5219
131|1445,5220
70|2072,5221
103|95,5222
27|134,5223
87|43,5224
103|134,5225
64|62,5226
51|23,5227
1301|23,5228
15|48,5229
287|1566,5230
9|73,5231
1523|188,5232
840|549,5233
1306|68,5234
44|594,5235
606|471,5236
627|61,5237
840|87,5238
33|95,5239
118|1839,5240
3402|123,5241
2723|284,5242
667|2,5243
2274|129,5244
462|2067,5245
1103|76,5246
737|1597,5247
3244|1086,5248
66|262,5249
100|63,5250
46|1550,5251
2318|69,5252
51|111,5253
308|286,5254
15|94,5255
1565|3065,5256
47|879,5257
2075|220,5258
51|285,5259
1369|134,5260
391|62,5261
559|161,5262
283|108,5263
765|15,5264
550|99,5265
1493|650,5266
391|334,5267
11|108,5268
1769|99,5269
73|10,5270
1479|2151,5271
1667|99,5272
160|2805,5273
112|194,5274
240|38,5275
748|304,5276
791|2907,5277
815|369,5278
907|65,5279
651|91,5280
958|221,5281
109|273,5282
1103|82,5283
1015|232,5284
942|2571,5285
265|2789,5286
1804|106,5287
499|286,5288
341|247,5289
1833|38,5290
4822|2264,5291
1904|150,5292
197|206,5293
244|41,5294
394|4639,5295
800|10,5296
103|158,5297
1312|38,5298
814|58,5299
101|106,5300
143|2388,5301
55|110,5302
46|90,5303
748|129,5304
1637|1277,5305
341|285,5306
1842|121,5307
1899|149,5308
1660|89,5309
179|173,5310
51|724,5311
1470|99,5312
2725|39,5313
410|2596,5314
665|1763,5315
1311|251,5316
1238|38,5317
1095|38,5318
310|105,5319
1131|77,5320
1039|811,5321
368|1726,5322
3965|63,5323
654|524,5324
239|15,5325
116|993,5326
19|929,5327
421|80,5328
1232|68,5329
2893|213,5330
299|105,5331
100|189,5332
126|150,5333
1036|87,5334
153|272,5335
257|2576,5336
10|1100,5337
1462|77,5338
52|121,5339
196|138,5340
10|85,5341
2465|64,5342
1001|851,5343
1296|3957,5344
73|6,5345
174|230,5346
1297|172,5347
185|427,5348
490|106,5349
1186|32,5350
51|2028,5351
238|1151,5352
127|79,5353
9|147,5354
15|941,5355
1123|2724,5356
213|15,5357
175|20,5358
269|260,5359
1299|69,5360
192|44,5361
3914|10,5362
98|64,5363
74|518,5364
3972|116,5365
161|52,5366
581|5366,5367
25|784,5368
37|4145,5369
844|146,5370
2917|285,5371
58|106,5372
107|3031,5373
143|2576,5374
2144|168,5375
969|15,5376
730|87,5377
550|121,5378
288|121,5379
53|691,5380
232|38,5381
54|56,5382
126|68,5383
2101|38,5384
37|810,5385
297|205,5386
135|2531,5387
51|64,5388
1581|108,5389
7|2861,5390
314|47,5391
57|73,5392
1499|76,5393
79|38,5394
379|106,5395
436|169,5396
2283|115,5397
23|194,5398
388|23,5399
466|3281,5400
5400|1346,5401
2249|345,5402
570|44,5403
1342|10,5404
550|58,5405
396|1209,5406
1395|440,5407
78|94,5408
11|122,5409
936|44,5410
1563|68,5411
2086|38,5412
938|217,5413
351|159,5414
559|80,5415
984|1404,5416
22|2417,5417
79|6,5418
51|286,5419
78|122,5420
209|491,5421
223|285,5422
60|315,5423
1028|38,5424
348|22,5425
98|1917,5426
1777|2940,5427
60|662,5428
585|23,5429
345|2,5430
204|104,5431
1066|146,5432
948|264,5433
987|1965,5434
319|342,5435
51|41,5436
317|58,5437
37|1042,5438
1279|16,5439
126|32,5440
2443|125,5441
3461|387,5442
3795|301,5443
316|217,5444
1201|389,5445
1653|1112,5446
4555|852,5447
1867|58,5448
155|58,5449
20|34,5450
225|3861,5451
621|64,5452
512|206,5453
510|1880,5454
109|950,5455
269|185,5456
418|285,5457
64|32,5458
133|519,5459
900|1597,5460
1615|889,5461
405|1644,5462
1935|54,5463
1818|534,5464
11|263,5465
328|236,5466
4065|32,5467
29|543,5468
3713|1716,5469
240|2167,5470
54|60,5471
105|322,5472
1706|58,5473
2321|777,5474
4580|72,5475
628|79,5476
70|126,5477
998|58,5478
5362|3009,5479
464|32,5480
51|1403,5481
966|152,5482
1333|668,5483
55|15,5484
537|173,5485
3701|345,5486
1201|38,5487
252|80,5488
1849|777,5489
695|108,5490
162|121,5491
1595|185,5492
32|3705,5493
1395|185,5494
1049|89,5495
47|483,5496
1378|49,5497
3178|3076,5498
160|32,5499
605|35,5500
74|2313,5501
2043|169,5502
164|352,5503
90|105,5504
53|115,5505
1705|47,5506
51|1113,5507
238|104,5508
88|107,5509
1251|44,5510
2021|150,5511
13|276,5512
97|172,5513
2538|115,5514
559|79,5515
96|602,5516
2|2061,5517
55|16,5518
1591|23,5519
43|46,5520
183|57,5521
1112|68,5522
11|484,5523
3457|69,5524
942|3982,5525
555|47,5526
160|1227,5527
726|38,5528
14|406,5529
101|85,5530
109|1114,5531
257|728,5532
2157|304,5533
942|110,5534
296|16,5535
75|117,5536
2025|62,5537
547|161,5538
143|235,5539
1358|373,5540
85|106,5541
198|344,5542
37|380,5543
900|170,5544
584|162,5545
51|13,5546
50|1626,5547
505|59,5548
153|42,5549
221|152,5550
4911|117,5551
1074|2964,5552
2346|1099,5553
16|15,5554
9|233,5555
78|418,5556
3355|33,5557
55|79,5558
3159|108,5559
37|843,5560
232|534,5561
63|9,5562
652|906,5563
82|65,5564
53|148,5565
73|16,5566
33|101,5567
942|785,5568
466|15,5569
2157|513,5570
2065|2,5571
1599|121,5572
204|1859,5573
2143|889,5574
94|31,5575
32|57,5576
949|387,5577
370|236,5578
5137|102,5579
959|121,5580
33|105,5581
2245|282,5582
899|2,5583
593|272,5584
2303|567,5585
919|116,5586
2535|38,5587
1765|64,5588
1359|85,5589
2962|129,5590
125|68,5591
1610|32,5592
2120|10,5593
664|150,5594
982|677,5595
3174|108,5596
3104|87,5597
515|107,5598
3403|97,5599
1285|3378,5600
817|427,5601
3578|161,5602
844|3060,5603
1381|1396,5604
1616|4445,5605
267|106,5606
249|23,5607
779|58,5608
1540|57,5609
65|1420,5610
1059|210,5611
1244|169,5612
2452|568,5613
5067|5327,5614
5229|3585,5615
606|367,5616
55|1826,5617
1247|56,5618
130|114,5619
2559|99,5620
288|177,5621
71|639,5622
980|88,5623
328|419,5624
2474|63,5625
103|2872,5626
338|106,5627
160|947,5628
74|137,5629
1279|32,5630
64|92,5631
1250|753,5632
179|29,5633
1618|5633,5634
201|61,5635
116|574,5636
140|272,5637
3934|43,5638
105|183,5639
3155|5639,5640
135|5284,5641
1397|71,5642
218|2129,5643
369|44,5644
316|286,5645
2617|136,5646
78|2547,5647
283|1442,5648
959|58,5649
1173|68,5650
455|108,5651
1994|206,5652
107|205,5653
2185|56,5654
78|2939,5655
2441|129,5656
2239|128,5657
79|549,5658
1460|252,5659
2538|169,5660
295|38,5661
572|52,5662
135|108,5663
160|1826,5664
3013|97,5665
37|108,5666
191|43,5667
699|87,5668
3259|47,5669
1990|138,5670
298|15,5671
185|99,5672
349|89,5673
145|1004,5674
1137|38,5675
107|114,5676
15|23,5677
326|146,5678
15|256,5679
1123|173,5680
116|49,5681
98|696,5682
1025|929,5683
1954|87,5684
2399|10,5685
15|1051,5686
1968|85,5687
3206|89,5688
151|3652,5689
370|161,5690
754|870,5691
37|598,5692
2334|113,5693
1738|366,5694
1228|58,5695
81|76,5696
15|85,5697
51|1348,5698
55|194,5699
911|251,5700
79|2205,5701
477|456,5702
54|472,5703
618|215,5704
1250|1747,5705
3770|96,5706
109|2941,5707
37|88,5708
2057|496,5709
270|177,5710
41|236,5711
10|278,5712
2084|301,5713
870|104,5714
433|82,5715
74|3477,5716
3827|127,5717
2|4013,5718
162|116,5719
214|91,5720
287|32,5721
190|160,5722
38|12,5723
1961|475,5724
771|117,5725
141|1227,5726
50|117,5727
2904|198,5728
118|92,5729
50|4563,5730
1994|221,5731
78|1125,5732
1084|49,5733
2731|15,5734
1631|387,5735
1287|130,5736
116|43,5737
899|334,5738
32|73,5739
41|104,5740
61|129,5741
152|610,5742
1282|161,5743
679|68,5744
1978|2,5745
737|1975,5746
149|108,5747
6|104,5748
626|3349,5749
3399|332,5750
27|620,5751
90|1773,5752
135|1183,5753
94|128,5754
1634|94,5755
174|412,5756
748|285,5757
1458|89,5758
36|417,5759
825|68,5760
1012|1597,5761
2994|96,5762
77|221,5763
2532|310,5764
184|114,5765
16|68,5766
33|85,5767
129|16,5768
5425|690,5769
11|184,5770
37|427,5771
90|1101,5772
1717|210,5773
52|181,5774
2903|111,5775
1936|127,5776
60|1987,5777
125|133,5778
487|64,5779
2444|173,5780
739|675,5781
109|135,5782
822|1067,5783
37|72,5784
680|247,5785
3334|298,5786
1520|171,5787
840|83,5788
488|89,5789
368|147,5790
2905|571,5791
135|190,5792
107|3233,5793
716|1262,5794
771|3586,5795
170|32,5796
728|4368,5797
915|65,5798
1610|23,5799
535|4819,5800
472|4824,5801
164|41,5802
1665|99,5803
30|167,5804
349|52,5805
178|1545,5806
605|94,5807
1023|220,5808
372|1849,5809
89|1402,5810
11|4594,5811
335|260,5812
1285|215,5813
3220|115,5814
2013|1609,5815
267|10,5816
59|464,5817
1980|16,5818
109|133,5819
37|1318,5820
87|10,5821
144|1788,5822
238|55,5823
2184|620,5824
1299|60,5825
4026|10,5826
31|230,5827
46|131,5828
1208|241,5829
232|191,5830
1400|519,5831
2268|137,5832
2144|3561,5833
990|1806,5834
143|1097,5835
1041|249,5836
78|2096,5837
91|59,5838
117|221,5839
36|171,5840
235|1362,5841
550|39,5842
1615|475,5843
1295|354,5844
104|15,5845
12|176,5846
361|6,5847
38|7,5848
952|68,5849
265|2946,5850
1865|7,5851
1674|104,5852
11|1574,5853
2354|152,5854
577|39,5855
865|62,5856
37|788,5857
22|205,5858
1581|329,5859
77|206,5860
813|15,5861
3814|68,5862
135|229,5863
961|1115,5864
39|672,5865
143|3872,5866
961|38,5867
2249|116,5868
52|73,5869
3332|15,5870
143|1125,5871
3882|134,5872
11|324,5873
408|693,5874
39|47,5875
55|60,5876
53|4981,5877
2667|72,5878
96|184,5879
484|91,5880
1426|217,5881
106|44,5882
105|92,5883
60|68,5884
2668|297,5885
66|35,5886
87|115,5887
237|38,5888
2569|71,5889
131|68,5890
46|1575,5891
1681|173,5892
85|198,5893
149|23,5894
27|33,5895
61|58,5896
1040|2012,5897
88|189,5898
15|254,5899
113|60,5900
1255|71,5901
43|125,5902
11|251,5903
2327|20,5904
179|2614,5905
2324|2534,5906
15|71,5907
74|1966,5908
11|1033,5909
257|1342,5910
267|286,5911
425|625,5912
15|104,5913
144|235,5914
382|89,5915
1226|639,5916
1298|47,5917
866|77,5918
1414|62,5919
203|30,5920
2|513,5921
4896|97,5922
143|205,5923
514|2,5924
222|2,5925
722|677,5926
1855|241,5927
1408|99,5928
1171|76,5929
118|49,5930
2527|108,5931
2127|23,5932
135|5607,5933
30|34,5934
922|44,5935
16|691,5936
939|99,5937
2227|1207,5938
90|137,5939
1040|198,5940
1298|100,5941
1286|71,5942
1030|1536,5943
77|495,5944
93|202,5945
103|352,5946
1988|2175,5947
681|173,5948
137|2392,5949
1637|260,5950
37|5480,5951
739|718,5952
1233|58,5953
4284|366,5954
981|99,5955
574|168,5956
197|422,5957
1185|2400,5958
1638|110,5959
3648|61,5960
1426|2,5961
542|61,5962
78|57,5963
2364|272,5964
94|69,5965
2752|166,5966
1141|284,5967
66|2366,5968
27|276,5969
598|55,5970
1190|32,5971
517|22,5972
397|15,5973
2110|38,5974
15|3866,5975
479|2,5976
2544|175,5977
135|118,5978
82|9,5979
37|890,5980
591|118,5981
78|3943,5982
1059|4635,5983
2822|147,5984
1039|877,5985
2728|58,5986
1650|428,5987
566|95,5988
393|1422,5989
37|1773,5990
2241|753,5991
4507|1301,5992
46|51,5993
276|58,5994
1382|66,5995
89|5671,5996
1573|62,5997
3512|68,5998
2279|217,5999
746|284,6000
656|1405,6001
515|129,6002
1473|61,6003
209|126,6004
1648|11,6005
2758|38,6006
49|92,6007
983|70,6008
169|1465,6009
1084|195,6010
38|191,6011
180|2,6012
1744|161,6013
51|130,6014
1583|172,6015
655|116,6016
79|8,6017
924|147,6018
282|20,6019
107|627,6020
505|79,6021
3390|39,6022
895|4556,6023
2350|64,6024
87|20,6025
139|450,6026
4588|126,6027
362|15,6028
663|113,6029
414|256,6030
2532|23,6031
3601|38,6032
1280|65,6033
4219|957,6034
111|524,6035
2860|95,6036
64|22,6037
2553|76,6038
621|217,6039
408|650,6040
1381|60,6041
259|44,6042
3506|115,6043
924|276,6044
1436|177,6045
394|86,6046
150|32,6047
46|182,6048
2015|198,6049
1424|106,6050
1258|236,6051
1472|252,6052
15|2684,6053
39|42,6054
462|282,6055
4007|15,6056
63|597,6057
1451|52,6058
3021|84,6059
1243|15,6060
53|118,6061
3876|15,6062
3506|169,6063
78|1746,6064
3353|128,6065
2582|147,6066
1864|130,6067
98|59,6068
66|6,6069
1127|1889,6070
3903|107,6071
743|675,6072
3648|134,6073
60|483,6074
134|69,6075
183|15,6076
717|650,6077
2433|199,6078
426|691,6079
1156|3686,6080
1025|37,6081
425|177,6082
2122|2636,6083
1740|1063,6084
1725|378,6085
50|287,6086
1206|884,6087
3530|105,6088
3019|68,6089
37|413,6090
73|23,6091
753|160,6092
911|84,6093
261|1132,6094
69|641,6095
1258|588,6096
803|70,6097
43|993,6098
59|598,6099
436|62,6100
110|5719,6101
32|302,6102
11|5365,6103
1534|217,6104
60|1087,6105
545|1277,6106
4505|210,6107
107|5917,6108
136|645,6109
27|896,6110
2399|15,6111
1745|142,6112
790|508,6113
543|121,6114
135|341,6115
412|152,6116
5064|32,6117
328|220,6118
81|89,6119
135|20,6120
79|99,6121
2463|188,6122
53|468,6123
97|41,6124
112|73,6125
2708|334,6126
1722|94,6127
1995|99,6128
124|363,6129
174|240,6130
5742|5073,6131
995|58,6132
910|927,6133
87|104,6134
46|54,6135
52|23,6136
732|95,6137
2582|2308,6138
2172|121,6139
1497|139,6140
572|39,6141
135|741,6142
46|2870,6143
151|121,6144
1540|194,6145
5411|38,6146
1772|71,6147
431|44,6148
185|122,6149
499|241,6150
2709|634,6151
37|636,6152
1359|3357,6153
109|3221,6154
436|419,6155
50|279,6156
210|217,6157
3351|210,6158
39|99,6159
52|428,6160
51|332,6161
64|121,6162
22|850,6163
54|2325,6164
64|1983,6165
3403|130,6166
74|1317,6167
15|99,6168
39|96,6169
17|284,6170
104|44,6171
453|172,6172
98|39,6173
54|1360,6174
1003|828,6175
1104|3833,6176
2311|99,6177
88|726,6178
144|273,6179
11|1070,6180
54|118,6181
69|263,6182
190|139,6183
1126|38,6184
537|289,6185
1285|166,6186
101|188,6187
2011|38,6188
1499|5681,6189
32|164,6190
209|1300,6191
155|918,6192
1251|67,6193
639|89,6194
109|149,6195
2647|110,6196
3227|62,6197
48|101,6198
64|450,6199
53|5581,6200
23|828,6201
2342|401,6202
171|105,6203
25|60,6204
654|52,6205
39|55,6206
520|2607,6207
144|2049,6208
155|158,6209
71|471,6210
41|49,6211
2796|60,6212
181|218,6213
316|241,6214
1026|131,6215
2347|1417,6216
50|2,6217
18|88,6218
124|95,6219
244|49,6220
291|92,6221
2051|3561,6222
52|2596,6223
55|95,6224
145|72,6225
3338|502,6226
550|248,6227
855|128,6228
727|601,6229
63|161,6230
101|73,6231
355|38,6232
516|87,6233
87|1193,6234
109|3017,6235
781|84,6236
37|1381,6237
801|108,6238
610|169,6239
2994|108,6240
60|4697,6241
109|1854,6242
283|92,6243
1982|23,6244
127|178,6245
2703|91,6246
3288|47,6247
1112|236,6248
267|153,6249
963|194,6250
25|82,6251
38|87,6252
660|167,6253
5387|1583,6254
750|56,6255
108|10,6256
61|718,6257
261|470,6258
1730|284,6259
330|61,6260
82|15,6261
1778|221,6262
295|44,6263
1244|2028,6264
795|123,6265
10|59,6266
187|27,6267
143|3400,6268
200|32,6269
2159|85,6270
486|344,6271
70|68,6272
3464|475,6273
2071|355,6274
11|967,6275
116|83,6276
96|32,6277
1610|15,6278
211|20,6279
82|161,6280
100|1828,6281
69|2616,6282
510|4050,6283
306|149,6284
827|71,6285
1858|519,6286
748|389,6287
736|33,6288
293|808,6289
135|5114,6290
663|1212,6291
153|387,6292
810|68,6293
2781|10,6294
109|32,6295
36|79,6296
42|101,6297
79|314,6298
367|87,6299
552|106,6300
148|65,6301
2783|1839,6302
1994|14,6303
78|320,6304
1155|2,6305
81|94,6306
97|152,6307
121|352,6308
46|2045,6309
2795|67,6310
139|49,6311
8|39,6312
12|159,6313
1030|22,6314
78|2733,6315
1541|77,6316
145|122,6317
770|95,6318
2126|2628,6319
109|581,6320
55|53,6321
497|105,6322
2|31,6323
5341|158,6324
1116|92,6325
559|22,6326
18|53,6327
10|1712,6328
870|9,6329
352|3549,6330
46|13,6331
39|41,6332
303|9,6333
37|95,6334
981|38,6335
84|47,6336
13|417,6337
1457|185,6338
155|129,6339
143|521,6340
3135|236,6341
33|17,6342
478|251,6343
527|141,6344
78|2370,6345
35|34,6346
257|412,6347
47|1045,6348
122|101,6349
27|82,6350
18|1504,6351
126|69,6352
508|89,6353
16|1495,6354
1175|71,6355
181|549,6356
662|68,6357
288|61,6358
393|1965,6359
2385|38,6360
2418|41,6361
3121|3805,6362
185|264,6363
238|1716,6364
3|758,6365
1351|236,6366
295|829,6367
5771|106,6368
4402|274,6369
1592|91,6370
1477|282,6371
12|1029,6372
5293|675,6373
125|138,6374
3679|495,6375
96|1741,6376
1259|105,6377
109|637,6378
154|447,6379
65|5979,6380
744|189,6381
1130|279,6382
1591|15,6383
429|217,6384
2350|1262,6385
2873|16,6386
39|1857,6387
429|44,6388
192|64,6389
327|95,6390
1544|1428,6391
228|87,6392
209|115,6393
2923|173,6394
277|108,6395
842|313,6396
210|388,6397
2696|675,6398
2256|39,6399
2341|1948,6400
32|194,6401
1449|50,6402
335|173,6403
59|59,6404
267|2211,6405
2752|103,6406
2580|506,6407
164|266,6408
2026|41,6409
43|138,6410
38|4057,6411
1691|23,6412
1131|4473,6413
633|62,6414
962|278,6415
109|2224,6416
1807|38,6417
1599|61,6418
3647|2,6419
11|1020,6420
2967|10,6421
3786|80,6422
2945|146,6423
1155|32,6424
237|83,6425
2173|1486,6426
2077|89,6427
4020|502,6428
2554|6372,6429
1565|58,6430
78|2938,6431
22|372,6432
71|228,6433
648|62,6434
79|79,6435
145|128,6436
2029|601,6437
143|645,6438
143|3366,6439
1880|675,6440
111|324,6441
38|150,6442
4457|2022,6443
1969|334,6444
54|1832,6445
1338|351,6446
1137|1557,6447
7|65,6448
1812|115,6449
39|329,6450
792|41,6451
51|1001,6452
1028|1115,6453
88|96,6454
50|758,6455
1592|146,6456
740|541,6457
90|2624,6458
3739|217,6459
887|127,6460
1825|89,6461
228|276,6462
261|262,6463
291|94,6464
1735|361,6465
64|49,6466
94|2246,6467
51|2,6468
2334|166,6469
3457|47,6470
2051|168,6471
660|417,6472
1842|106,6473
5190|64,6474
53|388,6475
3593|196,6476
64|310,6477
185|32,6478
894|149,6479
10|341,6480
995|65,6481
2185|871,6482
15|194,6483
4147|215,6484
50|15,6485
2686|106,6486
2361|62,6487
170|217,6488
287|125,6489
2431|170,6490
79|1486,6491
2183|176,6492
160|2366,6493
112|264,6494
2156|183,6495
37|42,6496
2202|68,6497
53|3964,6498
1376|239,6499
15|42,6500
206|1475,6501
67|1992,6502
701|251,6503
46|2517,6504
706|23,6505
540|1070,6506
2341|110,6507
95|71,6508
768|80,6509
1491|39,6510
11|178,6511
131|23,6512
97|133,6513
725|15,6514
1610|2,6515
468|38,6516
16|1300,6517
486|90,6518
195|55,6519
3894|181,6520
245|84,6521
145|31,6522
2245|366,6523
419|1115,6524
96|177,6525
522|111,6526
1950|39,6527
326|90,6528
438|1715,6529
170|241,6530
90|89,6531
748|251,6532
162|89,6533
107|948,6534
735|58,6535
54|920,6536
2004|785,6537
39|691,6538
112|122,6539
1479|677,6540
46|287,6541
370|39,6542
15|4232,6543
109|2644,6544
2124|107,6545
5691|148,6546
729|4313,6547
1995|118,6548
261|644,6549
3326|121,6550
2260|99,6551
843|263,6552
27|176,6553
1228|38,6554
391|532,6555
51|195,6556
125|6556,6557
15|1537,6558
701|150,6559
327|428,6560
540|147,6561
3930|146,6562
2651|57,6563
2999|272,6564
74|2260,6565
2051|4584,6566
3353|5055,6567
170|493,6568
261|519,6569
2792|175,6570
29|195,6571
141|248,6572
749|194,6573
771|2823,6574
3259|69,6575
3231|114,6576
4310|104,6577
143|2772,6578
408|784,6579
46|236,6580
1285|189,6581
1167|388,6582
2262|4890,6583
723|17,6584
779|334,6585
1576|65,6586
476|3124,6587
4299|62,6588
15|1471,6589
3747|38,6590
29|221,6591
1232|58,6592
2962|84,6593
36|123,6594
1706|38,6595
969|601,6596
89|125,6597
2227|941,6598
332|35,6599
90|138,6600
610|110,6601
691|39,6602
3588|161,6603
56|1839,6604
736|1365,6605
327|55,6606
2071|279,6607
3622|15,6608
2347|206,6609
117|3009,6610
266|170,6611
2806|195,6612
4360|695,6613
117|169,6614
1956|47,6615
1009|99,6616
211|116,6617
73|11,6618
461|44,6619
4416|199,6620
598|73,6621
1328|134,6622
1519|38,6623
4638|1557,6624
4423|195,6625
238|279,6626
78|89,6627
1338|286,6628
1126|601,6629
1489|1983,6630
22|175,6631
25|2325,6632
11|2928,6633
2324|274,6634
61|106,6635
4367|301,6636
61|8,6637
97|20,6638
46|2664,6639
648|38,6640
2636|108,6641
589|236,6642
267|1932,6643
196|148,6644
1091|470,6645
261|256,6646
679|236,6647
936|79,6648
632|58,6649
2466|236,6650
61|150,6651
2192|106,6652
566|6,6653
2088|53,6654
1694|239,6655
4195|75,6656
1771|47,6657
4520|69,6658
1462|49,6659
1034|92,6660
369|104,6661
1106|509,6662
510|3223,6663
51|1966,6664
224|95,6665
1607|251,6666
427|1140,6667
60|15,6668
4101|332,6669
191|106,6670
781|285,6671
1206|216,6672
1172|161,6673
1933|120,6674
459|38,6675
212|15,6676
2497|16,6677
11|2408,6678
467|105,6679
328|170,6680
135|3064,6681
11|101,6682
499|1265,6683
369|2008,6684
982|498,6685
65|61,6686
2873|1024,6687
3283|266,6688
71|115,6689
979|304,6690
2897|534,6691
2285|71,6692
1189|58,6693
3255|150,6694
209|1196,6695
74|266,6696
39|1133,6697
470|92,6698
111|44,6699
153|2973,6700
17|64,6701
5095|366,6702
37|116,6703
535|3833,6704
505|80,6705
1400|298,6706
2027|71,6707
2133|49,6708
433|1625,6709
2346|2977,6710
39|131,6711
2142|55,6712
54|4004,6713
1162|149,6714
87|46,6715
550|65,6716
3480|777,6717
190|332,6718
589|220,6719
125|618,6720
1802|236,6721
339|127,6722
1030|1143,6723
2029|84,6724
109|1133,6725
43|64,6726
1548|147,6727
15|116,6728
2055|62,6729
144|858,6730
109|383,6731
3354|68,6732
16|19,6733
494|1018,6734
562|58,6735
37|596,6736
3543|125,6737
317|155,6738
32|62,6739
54|320,6740
825|43,6741
1075|69,6742
185|286,6743
37|81,6744
379|38,6745
348|79,6746
60|337,6747
2131|158,6748
1360|69,6749
247|191,6750
4851|241,6751
54|1977,6752
54|76,6753
315|127,6754
37|763,6755
103|427,6756
94|171,6757
133|79,6758
1333|153,6759
1745|256,6760
81|20,6761
3202|32,6762
293|645,6763
2096|58,6764
287|2,6765
69|195,6766
676|146,6767
111|121,6768
1779|351,6769
1003|107,6770
421|115,6771
14|148,6772
5472|85,6773
53|339,6774
455|220,6775
105|67,6776
413|59,6777
2346|1649,6778
25|22,6779
414|262,6780
938|23,6781
714|5207,6782
51|137,6783
37|1502,6784
230|232,6785
838|373,6786
54|4641,6787
137|1834,6788
39|145,6789
870|68,6790
78|1963,6791
1159|2,6792
2524|18,6793
81|10,6794
1153|161,6795
11|476,6796
907|44,6797
2169|217,6798
3419|301,6799
1812|650,6800
1298|4859,6801
50|13,6802
51|1885,6803
842|130,6804
9|69,6805
46|3130,6806
272|1129,6807
1851|127,6808
2143|1077,6809
3114|73,6810
51|170,6811
3869|44,6812
51|612,6813
8|56,6814
67|35,6815
907|105,6816
17|20,6817
394|885,6818
5059|68,6819
95|289,6820
2864|9,6821
194|62,6822
776|56,6823
71|69,6824
522|41,6825
113|56,6826
238|2730,6827
154|183,6828
1570|62,6829
716|524,6830
1327|153,6831
2266|401,6832
269|50,6833
29|181,6834
2187|10,6835
13|43,6836
37|837,6837
1582|213,6838
45|97,6839
82|128,6840
257|94,6841
633|194,6842
2258|106,6843
4624|1184,6844
194|68,6845
75|62,6846
8|444,6847
967|10,6848
85|87,6849
16|43,6850
251|191,6851
9|108,6852
64|110,6853
744|512,6854
1784|284,6855
3332|334,6856
76|162,6857
100|762,6858
13|464,6859
714|6764,6860
63|97,6861
37|136,6862
90|13,6863
10|1835,6864
3211|167,6865
171|99,6866
2735|70,6867
100|599,6868
838|777,6869
3346|175,6870
563|127,6871
269|421,6872
1033|63,6873
37|145,6874
78|917,6875
1012|89,6876
54|5550,6877
15|2151,6878
430|5902,6879
131|128,6880
4982|69,6881
310|10,6882
723|491,6883
329|8,6884
126|71,6885
27|3905,6886
1611|116,6887
4916|2673,6888
76|23,6889
129|44,6890
464|1298,6891
5569|6891,6892
59|12,6893
291|176,6894
317|1653,6895
467|811,6896
53|217,6897
98|324,6898
2267|123,6899
91|398,6900
2953|108,6901
729|2667,6902
3599|475,6903
351|239,6904
128|1029,6905
723|1300,6906
2663|5211,6907
132|6,6908
4962|354,6909
107|1811,6910
214|762,6911
374|58,6912
562|450,6913
5697|753,6914
1472|287,6915
1073|87,6916
4279|131,6917
277|236,6918
13|4262,6919
479|123,6920
187|726,6921
111|1400,6922
717|97,6923
738|15,6924
1203|1501,6925
2841|264,6926
81|99,6927
261|2024,6928
996|99,6929
144|975,6930
2869|3454,6931
214|363,6932
283|147,6933
3654|44,6934
1503|53,6935
2665|71,6936
316|61,6937
53|68,6938
98|252,6939
2651|99,6940
1460|127,6941
50|183,6942
343|177,6943
1916|188,6944
2630|83,6945
2559|62,6946
736|1044,6947
882|87,6948
1672|1341,6949
239|166,6950
90|4834,6951
122|104,6952
349|118,6953
68|41,6954
2058|128,6955
303|760,6956
311|310,6957
238|58,6958
67|159,6959
235|65,6960
908|117,6961
911|15,6962
127|369,6963
487|103,6964
525|43,6965
1765|52,6966
74|366,6967
2205|62,6968
2434|43,6969
1232|99,6970
2914|58,6971
210|4382,6972
53|4230,6973
4947|169,6974
6496|2571,6975
1674|1617,6976
395|508,6977
1397|1144,6978
139|32,6979
93|6,6980
116|41,6981
2631|689,6982
86|64,6983
739|514,6984
4267|785,6985
125|13,6986
287|20,6987
66|470,6988
1595|1420,6989
2241|1035,6990
1926|189,6991
1805|49,6992
103|118,6993
240|405,6994
438|1388,6995
2298|113,6996
545|313,6997
1201|828,6998
949|401,6999
1092|58,7000
3883|3067,7001
1287|173,7002
151|69,7003
433|76,7004
2015|2012,7005
3473|274,7006
47|90,7007
78|2442,7008
3444|32,7009
433|85,7010
6428|71,7011
1677|64,7012
12|326,7013
37|3203,7014
50|218,7015
605|117,7016
53|3668,7017
75|6,7018
154|38,7019
1822|138,7020
1784|134,7021
149|118,7022
854|276,7023
240|968,7024
109|1457,7025
1496|50,7026
59|336,7027
69|6,7028
1550|833,7029
127|38,7030
16|3924,7031
1274|1345,7032
4717|697,7033
30|232,7034
78|3308,7035
581|178,7036
311|99,7037
66|61,7038
3529|301,7039
3389|571,7040
121|115,7041
1348|44,7042
855|108,7043
122|33,7044
186|1440,7045
2662|850,7046
439|1501,7047
393|2010,7048
47|662,7049
2209|367,7050
4063|2503,7051
1427|44,7052
1599|718,7053
1745|262,7054
942|1625,7055
186|3238,7056
576|808,7057
1369|117,7058
527|44,7059
83|61,7060
46|7060,7061
4331|287,7062
265|486,7063
622|5564,7064
730|808,7065
2695|171,7066
52|344,7067
461|106,7068
134|39,7069
5291|134,7070
111|5300,7071
2026|195,7072
585|10,7073
527|215,7074
2606|44,7075
11|557,7076
1531|1465,7077
61|173,7078
3969|1225,7079
226|56,7080
3351|68,7081
1515|58,7082
781|496,7083
311|62,7084
589|68,7085
46|3450,7086
17|145,7087
175|89,7088
2004|85,7089
78|1,7090
95|69,7091
3211|123,7092
27|44,7093
45|173,7094
6057|5677,7095
118|43,7096
393|2667,7097
3337|10,7098
2433|232,7099
65|62,7100
1271|87,7101
3179|388,7102
60|914,7103
2549|1442,7104
3288|69,7105
1386|248,7106
2935|100,7107
2358|211,7108
2148|50,7109
215|813,7110
78|2328,7111
154|81,7112
64|236,7113
125|2319,7114
2527|147,7115
551|1063,7116
39|645,7117
77|354,7118
2640|58,7119
5858|89,7120
37|295,7121
317|96,7122
658|2237,7123
3882|61,7124
170|116,7125
145|219,7126
69|470,7127
76|421,7128
238|1806,7129
32|92,7130
129|89,7131
118|60,7132
405|3264,7133
4727|58,7134
107|105,7135
7135|5696,7136
664|711,7137
201|2053,7138
349|87,7139
1528|87,7140
1156|130,7141
510|37,7142
4115|229,7143
51|907,7144
97|89,7145
5089|70,7146
162|314,7147
249|84,7148
2869|117,7149
347|181,7150
95|43,7151
1631|62,7152
141|310,7153
1439|11,7154
1647|65,7155
2229|9,7156
255|4228,7157
79|964,7158
111|759,7159
40|58,7160
1619|161,7161
445|116,7162
960|177,7163
1847|39,7164
43|8,7165
144|2362,7166
555|373,7167
1226|80,7168
4179|133,7169
1012|1197,7170
2524|588,7171
11|54,7172
11|843,7173
29|41,7174
230|298,7175
511|126,7176
562|38,7177
8|75,7178
3436|2828,7179
2793|215,7180
1509|1653,7181
149|96,7182
39|1171,7183
3086|16,7184
505|2246,7185
1023|116,7186
1520|38,7187
3596|116,7188
164|497,7189
171|23,7190
98|981,7191
4928|10,7192
422|166,7193
610|1400,7194
94|177,7195
32|217,7196
107|2830,7197
1126|488,7198
85|1498,7199
1714|1227,7200
2979|1700,7201
3973|193,7202
51|4220,7203
1171|53,7204
10|75,7205
4566|72,7206
11|663,7207
67|134,7208
170|456,7209
32|363,7210
1895|355,7211
38|97,7212
78|1069,7213
112|1136,7214
2552|668,7215
4153|161,7216
695|47,7217
1635|62,7218
429|121,7219
2834|108,7220
20|173,7221
49|62,7222
58|99,7223
2440|84,7224
11|3978,7225
84|1035,7226
39|797,7227
6123|127,7228
1244|1960,7229
1916|146,7230
3556|15,7231
1354|1214,7232
527|113,7233
388|62,7234
104|272,7235
368|58,7236
122|69,7237
3891|70,7238
2128|92,7239
538|105,7240
255|58,7241
2004|3357,7242
108|32,7243
4320|12,7244
4404|161,7245
816|1018,7246
209|324,7247
39|49,7248
2242|3564,7249
4240|44,7250
53|369,7251
5561|601,7252
580|44,7253
324|77,7254
681|130,7255
54|72,7256
1451|39,7257
1397|139,7258
2834|760,7259
238|160,7260
641|1513,7261
311|367,7262
1526|71,7263
347|73,7264
2127|2,7265
2837|233,7266
129|58,7267
13|20,7268
41|276,7269
479|1301,7270
2015|136,7271
64|39,7272
51|6680,7273
124|65,7274
38|84,7275
18|61,7276
55|134,7277
1194|10,7278
1228|65,7279
149|68,7280
4789|69,7281
4790|69,7282
150|87,7283
967|334,7284
116|97,7285
2047|217,7286
107|637,7287
75|314,7288
1777|199,7289
53|133,7290
43|366,7291
988|58,7292
1049|32,7293
51|2313,7294
1714|217,7295
2416|23,7296
3134|62,7297
2588|56,7298
55|630,7299
82|236,7300
605|134,7301
78|50,7302
754|287,7303
1237|167,7304
84|309,7305
155|99,7306
1356|49,7307
224|16,7308
51|1210,7309
221|65,7310
39|3177,7311
1992|373,7312
52|39,7313
1301|15,7314
1730|71,7315
126|108,7316
1310|877,7317
1531|136,7318
1236|4173,7319
2128|76,7320
109|1788,7321
499|4468,7322
78|2151,7323
470|272,7324
2223|475,7325
1895|1063,7326
1425|176,7327
142|83,7328
520|96,7329
151|37,7330
39|2313,7331
4815|138,7332
6245|67,7333
36|1566,7334
73|47,7335
247|46,7336
85|99,7337
820|236,7338
3548|188,7339
5039|125,7340
345|91,7341
144|256,7342
5805|4565,7343
462|4355,7344
42|456,7345
54|350,7346
854|96,7347
128|475,7348
109|397,7349
210|119,7350
79|1073,7351
125|6761,7352
631|2997,7353
74|84,7354
53|95,7355
556|87,7356
861|106,7357
90|215,7358
73|286,7359
877|2,7360
433|92,7361
1470|58,7362
1274|289,7363
37|3305,7364
2516|266,7365
4066|92,7366
1030|289,7367
111|403,7368
3304|65,7369
1667|3124,7370
1344|15,7371
47|3118,7372
71|43,7373
537|313,7374
1616|215,7375
295|106,7376
904|597,7377
49|216,7378
2913|147,7379
66|99,7380
25|676,7381
79|11,7382
235|598,7383
109|265,7384
3312|213,7385
3328|47,7386
97|5231,7387
39|662,7388
266|84,7389
3559|160,7390
101|44,7391
1822|39,7392
51|689,7393
357|774,7394
156|566,7395
104|289,7396
1893|1193,7397
47|1,7398
13|811,7399
88|69,7400
2219|518,7401
348|194,7402
353|636,7403
87|4595,7404
8|87,7405
304|475,7406
842|190,7407
1504|53,7408
210|73,7409
2128|85,7410
1524|60,7411
5851|301,7412
394|277,7413
113|118,7414
467|133,7415
2928|32,7416
78|890,7417
1621|73,7418
98|260,7419
1040|107,7420
43|39,7421
43|513,7422
728|70,7423
4698|785,7424
486|237,7425
679|1617,7426
107|58,7427
60|4495,7428
296|3330,7429
50|107,7430
98|44,7431
60|2313,7432
1651|127,7433
1853|205,7434
544|58,7435
1122|77,7436
1967|111,7437
51|33,7438
386|89,7439
51|116,7440
78|3714,7441
124|184,7442
2334|103,7443
887|1239,7444
1385|10,7445
105|49,7446
1186|40,7447
74|247,7448
1571|345,7449
2157|285,7450
54|314,7451
430|3011,7452
476|129,7453
1452|310,7454
11|42,7455
90|134,7456
317|497,7457
88|39,7458
520|2359,7459
393|361,7460
270|682,7461
139|310,7462
5074|61,7463
19|11,7464
374|62,7465
2146|139,7466
147|29,7467
2|389,7468
293|498,7469
3938|126,7470
2725|64,7471
174|3584,7472
297|153,7473
12|540,7474
4410|4411,7475
781|852,7476
16|53,7477
11|95,7478
4762|325,7479
88|104,7480
67|39,7481
1229|1,7482
1681|2320,7483
155|711,7484
74|3584,7485
101|54,7486
117|47,7487
452|215,7488
521|502,7489
16|99,7490
15|57,7491
131|47,7492
2799|439,7493
137|44,7494
939|373,7495
535|20,7496
39|127,7497
198|55,7498
190|170,7499
3897|149,7500
514|241,7501
6873|134,7502
1251|77,7503
174|133,7504
2622|57,7505
131|419,7506
47|1779,7507
16|194,7508
36|154,7509
17|139,7510
559|7160,7511
46|152,7512
2236|726,7513
619|488,7514
476|249,7515
88|215,7516
3600|198,7517
1531|198,7518
179|724,7519
5909|91,7520
51|126,7521
3475|983,7522
49|159,7523
1359|76,7524
2682|401,7525
30|134,7526
144|35,7527
1072|162,7528
16|491,7529
71|38,7530
1967|218,7531
2617|198,7532
58|101,7533
4559|160,7534
52|56,7535
89|100,7536
254|33,7537
126|161,7538
1523|63,7539
67|53,7540
2986|106,7541
17|237,7542
930|5225,7543
65|35,7544
4079|92,7545
105|16,7546
1141|71,7547
4346|71,7548
925|54,7549
33|2393,7550
550|375,7551
1570|99,7552
17|856,7553
3550|57,7554
2837|175,7555
1009|58,7556
1443|103,7557
368|241,7558
632|450,7559
105|209,7560
5972|373,7561
516|97,7562
2357|1076,7563
1742|53,7564
1855|23,7565
4938|176,7566
1010|1063,7567
55|55,7568
383|139,7569
2050|131,7570
64|3820,7571
1765|138,7572
190|2635,7573
1497|99,7574
37|16,7575
1101|115,7576
1642|6379,7577
667|286,7578
90|314,7579
446|241,7580
39|1125,7581
3643|73,7582
875|1475,7583
628|177,7584
1818|1716,7585
1233|248,7586
333|44,7587
5785|354,7588
445|128,7589
526|6,7590
13|1362,7591
105|5354,7592
1444|1733,7593
1185|785,7594
1847|866,7595
1503|110,7596
661|89,7597
5589|2,7598
3618|513,7599
3323|38,7600
1353|115,7601
3269|15,7602
806|148,7603
1497|355,7604
4694|62,7605
11|114,7606
74|307,7607
395|416,7608
1444|1265,7609
2579|486,7610
2493|83,7611
949|506,7612
1354|2180,7613
817|39,7614
562|161,7615
1149|15,7616
46|327,7617
90|2877,7618
982|406,7619
346|3143,7620
212|248,7621
347|15,7622
1104|5024,7623
311|471,7624
97|957,7625
1285|193,7626
725|87,7627
141|54,7628
1201|107,7629
739|2943,7630
2069|220,7631
196|17,7632
79|39,7633
1462|168,7634
901|118,7635
4474|96,7636
5251|46,7637
4269|43,7638
2196|70,7639
840|89,7640
938|310,7641
51|3639,7642
3134|121,7643
1980|172,7644
3724|53,7645
531|68,7646
88|294,7647
107|2325,7648
11|3784,7649
54|342,7650
5315|10,7651
90|3477,7652
2259|150,7653
39|518,7654
3201|171,7655
210|534,7656
192|39,7657
755|91,7658
11|7080,7659
5102|150,7660
3310|332,7661
133|80,7662
544|820,7663
1631|905,7664
4715|289,7665
109|1746,7666
11|57,7667
79|274,7668
3012|568,7669
332|3463,7670
49|91,7671
382|111,7672
11|680,7673
872|2299,7674
1896|1193,7675
2168|206,7676
2261|115,7677
6663|96,7678
197|4585,7679
580|87,7680
410|498,7681
800|15,7682
1189|39,7683
13|22,7684
37|2867,7685
134|10,7686
1429|175,7687
238|1474,7688
746|106,7689
50|76,7690
2111|601,7691
2241|236,7692
55|1324,7693
7025|149,7694
6083|565,7695
3653|1144,7696
287|272,7697
958|195,7698
1827|70,7699
2935|76,7700
277|325,7701
5800|1726,7702
1333|421,7703
476|421,7704
576|171,7705
511|128,7706
860|1863,7707
190|252,7708
252|128,7709
1386|39,7710
47|170,7711
269|313,7712
3661|453,7713
16|486,7714
1571|183,7715
5175|64,7716
7716|1051,7717
352|3470,7718
405|219,7719
1353|650,7720
2990|99,7721
76|375,7722
436|161,7723
70|55,7724
544|1726,7725
4403|440,7726
552|139,7727
100|193,7728
5215|10,7729
2507|99,7730
2753|99,7731
1818|7234,7732
4224|389,7733
3102|99,7734
109|328,7735
1040|1987,7736
261|486,7737
1439|3543,7738
261|1124,7739
2111|15,7740
47|339,7741
37|46,7742
85|1208,7743
206|110,7744
3082|176,7745
66|1029,7746
6348|301,7747
562|99,7748
1771|69,7749
266|38,7750
109|2168,7751
5452|1441,7752
605|3396,7753
56|83,7754
101|498,7755
318|1204,7756
1092|99,7757
129|450,7758
424|183,7759
1638|92,7760
116|32,7761
194|47,7762
1239|2974,7763
438|2070,7764
3270|87,7765
2409|2217,7766
1895|2459,7767
180|256,7768
1328|94,7769
538|3280,7770
96|3149,7771
4049|47,7772
64|2,7773
1075|861,7774
67|92,7775
348|54,7776
1244|3460,7777
198|1349,7778
1293|106,7779
37|3818,7780
47|1172,7781
2699|127,7782
1651|332,7783
252|84,7784
51|497,7785
11|92,7786
1247|61,7787
1038|2226,7788
5835|15,7789
17|131,7790
79|35,7791
32|22,7792
253|2167,7793
2253|84,7794
1582|718,7795
5689|96,7796
144|404,7797
74|4072,7798
427|94,7799
2071|2713,7800
4094|110,7801
270|148,7802
4836|241,7803
124|13,7804
54|2595,7805
66|176,7806
32|121,7807
5075|65,7808
81|83,7809
2935|53,7810
918|390,7811
5212|44,7812
482|2317,7813
240|774,7814
855|47,7815
429|184,7816
1285|141,7817
264|81,7818
3128|64,7819
67|513,7820
1694|100,7821
509|15,7822
37|2449,7823
164|72,7824
2431|1252,7825
478|711,7826
3870|363,7827
39|1269,7828
2431|3234,7829
1012|3591,7830
4221|44,7831
51|176,7832
2714|128,7833
1742|92,7834
196|118,7835
2146|2628,7836
817|122,7837
979|1004,7838
553|139,7839
145|513,7840
1072|519,7841
27|1541,7842
963|80,7843
559|54,7844
37|5536,7845
7251|148,7846
20|74,7847
2101|106,7848
363|134,7849
109|213,7850
1592|97,7851
143|7138,7852
690|117,7853
1066|254,7854
97|1417,7855
3334|62,7856
2792|440,7857
421|169,7858
683|62,7859
911|304,7860
654|1370,7861
926|172,7862
43|528,7863
1031|99,7864
1223|84,7865
3532|38,7866
388|58,7867
1896|811,7868
865|217,7869
410|406,7870
873|68,7871
651|2182,7872
36|314,7873
348|80,7874
1142|1870,7875
180|167,7876
61|2226,7877
2242|422,7878
682|32,7879
1398|99,7880
154|3313,7881
46|115,7882
7256|116,7883
32|4645,7884
1226|4604,7885
491|241,7886
135|4127,7887
4741|210,7888
2472|1388,7889
3797|852,7890
1229|62,7891
693|33,7892
391|1803,7893
185|139,7894
349|2104,7895
1131|1208,7896
771|417,7897
1237|114,7898
5060|2367,7899
47|976,7900
79|2689,7901
125|87,7902
170|239,7903
185|15,7904
89|1948,7905
2124|1465,7906
2631|23,7907
122|247,7908
3339|97,7909
55|85,7910
37|2576,7911
47|342,7912
5194|777,7913
11|826,7914
429|39,7915
64|134,7916
3121|6597,7917
964|191,7918
2241|1747,7919
1310|1325,7920
143|5465,7921
347|23,7922
192|324,7923
437|1209,7924
438|1687,7925
1466|38,7926
4131|89,7927
11|2016,7928
4154|62,7929
77|75,7930
1283|15,7931
754|7931,7932
899|310,7933
558|1209,7934
349|1403,7935
1714|2034,7936
545|993,7937
881|32,7938
16|152,7939
73|561,7940
122|3574,7941
7354|2033,7942
343|99,7943
2757|495,7944
2439|116,7945
1819|1345,7946
43|1117,7947
95|641,7948
18|105,7949
6618|1298,7950
214|457,7951
1434|889,7952
486|7195,7953
131|94,7954
3412|71,7955
332|850,7956
2444|190,7957
85|39,7958
1071|55,7959
781|601,7960
135|1148,7961
6108|2,7962
3344|99,7963
507|31,7964
1156|2237,7965
377|405,7966
238|106,7967
1530|406,7968
3532|65,7969
338|65,7970
4152|194,7971
2146|106,7972
288|62,7973
3702|58,7974
78|1166,7975
2143|475,7976
51|2276,7977
3086|15,7978
723|324,7979
23|375,7980
1326|1617,7981
1003|3431,7982
72|367,7983
558|2028,7984
604|70,7985
644|16,7986
879|161,7987
420|6239,7988
4139|1193,7989
967|32,7990
987|272,7991
3001|41,7992
1206|76,7993
45|130,7994
74|3064,7995
61|79,7996
56|668,7997
5189|241,7998
41|1193,7999
78|134,8000
936|363,8001
87|41,8002
143|2586,8003
939|334,8004
486|134,8005
712|38,8006
505|7254,8007
2358|71,8008
42|820,8009
1009|62,8010
97|73,8011
80|56,8012
54|531,8013
1967|1124,8014
4716|2472,8015
349|1209,8016
1519|129,8017
59|118,8018
791|54,8019
484|213,8020
69|131,8021
1770|367,8022
160|334,8023
88|169,8024
1601|351,8025
6283|10,8026
61|96,8027
381|118,8028
908|871,8029
730|192,8030
6243|3067,8031
656|304,8032
2334|193,8033
153|620,8034
4327|38,8035
3328|4405,8036
