1|The Tale of Boris and Gleb
1|Life of Feodosij Pečerskij 1
1|Life of Feodosij Pečerskij 2
1|Life of Feodosij Pečerskij 3
1|Life of Feodosij Pečerskij 4
1|Life of Feodosij Pečerskij 5
1|Life of Feodosij Pečerskij 6
1|Life of Feodosij Pečerskij 7
1|Life of Feodosij Pečerskij 8
1|Life of Feodosij Pečerskij 9
1|Life of Feodosij Pečerskij 10
1|Life of Feodosij Pečerskij 11
1|Life of Feodosij Pečerskij 12
1|Life of Feodosij Pečerskij 13
1|Life of Feodosij Pečerskij 14
1|Life of Feodosij Pečerskij 15
1|Life of Feodosij Pečerskij 16
1|Life of Feodosij Pečerskij 17
1|Life of Feodosij Pečerskij 18
1|Life of Feodosij Pečerskij 19
1|Life of Feodosij Pečerskij 20
1|Life of Feodosij Pečerskij 21
1|Life of Feodosij Pečerskij 22
1|Life of Feodosij Pečerskij 23
1|Life of Feodosij Pečerskij 24
1|Life of Feodosij Pečerskij 25
1|Life of Feodosij Pečerskij 26
1|Life of Feodosij Pečerskij 27
1|Life of Feodosij Pečerskij 28
1|Life of Feodosij Pečerskij 29
1|Life of Feodosij Pečerskij 30
1|Life of Feodosij Pečerskij 31
1|Life of Feodosij Pečerskij 32
1|Life of Feodosij Pečerskij 33
1|Life of Feodosij Pečerskij 34
1|Life of Feodosij Pečerskij 35
1|Life of Feodosij Pečerskij 36
1|Life of Feodosij Pečerskij 37
1|Life of Feodosij Pečerskij 38
1|Life of Feodosij Pečerskij 39
1|Life of Feodosij Pečerskij 40
1|Life of Feodosij Pečerskij 41
1|Life of Feodosij Pečerskij 42
1|Life of Feodosij Pečerskij 43
1|Life of Feodosij Pečerskij 44
1|Life of Feodosij Pečerskij 45
1|Life of Feodosij Pečerskij 46
1|Life of Feodosij Pečerskij 47
1|Life of Feodosij Pečerskij 48
1|Life of Feodosij Pečerskij 49
1|Life of Feodosij Pečerskij 50
1|Life of Feodosij Pečerskij 51
1|Life of Feodosij Pečerskij 52
1|Life of Feodosij Pečerskij 53
1|Life of Feodosij Pečerskij 54
1|Life of Feodosij Pečerskij 55
1|Life of Feodosij Pečerskij 56
1|Life of Feodosij Pečerskij 57
1|Life of Feodosij Pečerskij 58
1|Life of Feodosij Pečerskij 59
1|Life of Feodosij Pečerskij 60
1|Life of Feodosij Pečerskij 61
1|Life of Feodosij Pečerskij 62
1|Life of Feodosij Pečerskij 63
1|Life of Feodosij Pečerskij 64
1|Life of Feodosij Pečerskij 65
1|Life of Feodosij Pečerskij 66
1|Life of Feodosij Pečerskij 67
1|Life of Feodosij Pečerskij 68
1|Life of Feodosij Pečerskij 69
1|Life of Feodosij Pečerskij 70
1|Life of Feodosij Pečerskij 71
1|Life of Feodosij Pečerskij 72
1|Life of Feodosij Pečerskij 73
1|Life of Feodosij Pečerskij 74
1|Life of Feodosij Pečerskij 75
1|Life of Feodosij Pečerskij 76
1|Life of Feodosij Pečerskij 77
1|Life of Feodosij Pečerskij 78
1|Life of Feodosij Pečerskij 79
1|Life of Feodosij Pečerskij 80
1|Life of Feodosij Pečerskij 81
1|Life of Feodosij Pečerskij 82
1|Life of Feodosij Pečerskij 83
1|Life of Feodosij Pečerskij 84
1|Life of Feodosij Pečerskij 85
1|Life of Feodosij Pečerskij 86
1|Life of Feodosij Pečerskij 87
1|Life of Feodosij Pečerskij 88
1|Life of Feodosij Pečerskij 89
1|Life of Feodosij Pečerskij 90
1|Life of Feodosij Pečerskij 91
1|Life of Feodosij Pečerskij 92
1|Life of Feodosij Pečerskij 93
1|Life of Feodosij Pečerskij 94
1|Life of Feodosij Pečerskij 95
1|Life of Feodosij Pečerskij 96
1|Life of Feodosij Pečerskij 97
1|Life of Feodosij Pečerskij 98
1|Life of Feodosij Pečerskij 99
1|Life of Feodosij Pečerskij 100
1|Life of Feodosij Pečerskij 101
1|Life of Feodosij Pečerskij 102
1|Life of Feodosij Pečerskij 103
